date,open,high,low,close,volume,dividend,split
2015-01-05,204.1699981689453,204.3699951171875,201.35000610351562,201.72000122070312,169632600,0,1
2015-01-06,202.08999633789062,202.72000122070312,198.86000061035156,199.82000732421875,209151400,0,1
2015-01-07,201.4199981689453,202.72000122070312,200.8800048828125,202.30999755859375,125346700,0,1
2015-01-08,204.00999450683594,206.16000366210938,203.99000549316406,205.89999389648438,147217800,0,1
2015-01-09,206.39999389648438,206.4199981689453,203.50999450683594,204.25,158567300,0,1
2015-01-12,204.41000366210938,204.60000610351562,201.9199981689453,202.64999389648438,144396100,0,1
2015-01-13,204.1199951171875,205.47999572753906,200.50999450683594,202.0800018310547,214553300,0,1
2015-01-14,199.64999389648438,201.10000610351562,198.57000732421875,200.86000061035156,192991100,0,1
2015-01-15,201.6300048828125,202.00999450683594,198.8800048828125,199.02000427246094,176613900,0,1
2015-01-16,198.77000427246094,201.82000732421875,198.5500030517578,201.6300048828125,211879600,0,1
2015-01-20,202.39999389648438,202.72000122070312,200.1699981689453,202.05999755859375,130991100,0,1
2015-01-21,201.5,203.66000366210938,200.94000244140625,203.0800018310547,122942700,0,1
2015-01-22,203.99000549316406,206.25999450683594,202.3300018310547,206.10000610351562,174356000,0,1
2015-01-23,205.7899932861328,206.10000610351562,204.80999755859375,204.97000122070312,117516800,0,1
2015-01-26,204.7100067138672,205.55999755859375,203.85000610351562,205.4499969482422,92009700,0,1
2015-01-27,202.97000122070312,204.1199951171875,201.74000549316406,202.74000549316406,134044600,0,1
2015-01-28,204.1699981689453,204.2899932861328,199.91000366210938,200.13999938964844,168514300,0,1
2015-01-29,200.3800048828125,202.3000030517578,198.67999267578125,201.99000549316406,173585400,0,1
2015-01-30,200.57000732421875,202.1699981689453,199.1300048828125,199.4499969482422,197729700,0,1
2015-02-02,200.0500030517578,202.02999877929688,197.86000061035156,201.9199981689453,163107000,0,1
2015-02-03,203.0,204.85000610351562,202.5500030517578,204.83999633789062,124212900,0,1
2015-02-04,203.9199981689453,205.3800048828125,203.50999450683594,204.05999755859375,134306700,0,1
2015-02-05,204.86000061035156,206.3000030517578,204.77000427246094,206.1199951171875,97953200,0,1
2015-02-06,206.55999755859375,207.24000549316406,204.9199981689453,205.5500030517578,125672000,0,1
2015-02-09,204.77000427246094,205.63999938964844,204.13999938964844,204.6300048828125,87219000,0,1
2015-02-10,205.8800048828125,207.1199951171875,204.67999267578125,206.80999755859375,96164200,0,1
2015-02-11,206.61000061035156,207.4499969482422,205.8300018310547,206.92999267578125,91087800,0,1
2015-02-12,207.88999938964844,208.99000549316406,206.97000122070312,208.9199981689453,97545900,0,1
2015-02-13,209.07000732421875,209.83999633789062,208.75999450683594,209.77999877929688,93670400,0,1
2015-02-17,209.39999389648438,210.32000732421875,209.10000610351562,210.11000061035156,76968200,0,1
2015-02-18,209.66000366210938,210.22000122070312,209.33999633789062,210.1300048828125,80652900,0,1
2015-02-19,209.41000366210938,210.4199981689453,209.24000549316406,209.97999572753906,91462500,0,1
2015-02-20,209.47999572753906,211.3300018310547,208.72999572753906,211.24000549316406,140896400,0,1
2015-02-23,210.94000244140625,211.2100067138672,210.47999572753906,211.2100067138672,74411100,0,1
2015-02-24,211.1199951171875,212.0500030517578,210.75999450683594,211.80999755859375,72472300,0,1
2015-02-25,211.66000366210938,212.24000549316406,211.22000122070312,211.6300048828125,73061700,0,1
2015-02-26,211.52000427246094,211.7100067138672,210.64999389648438,211.3800048828125,72697900,0,1
2015-02-27,211.25999450683594,211.5800018310547,210.60000610351562,210.66000366210938,108076000,0,1
2015-03-02,210.77999877929688,212.05999755859375,210.72000122070312,211.99000549316406,87491400,0,1
2015-03-03,211.47000122070312,212.0500030517578,210.0800018310547,211.1199951171875,110325800,0,1
2015-03-04,210.39999389648438,210.49000549316406,209.05999755859375,210.22999572753906,114497200,0,1
2015-03-05,210.6199951171875,210.8000030517578,209.85000610351562,210.4600067138672,76873000,0,1
2015-03-06,209.4199981689453,209.94000244140625,207.10000610351562,207.5,188128000,0,1
2015-03-09,207.74000549316406,208.7899932861328,207.5500030517578,208.36000061035156,89818900,0,1
2015-03-10,206.7100067138672,206.80999755859375,204.92999267578125,204.97999572753906,157121300,0,1
2015-03-11,205.2899932861328,205.5,204.39999389648438,204.5,110145700,0,1
2015-03-12,205.25999450683594,207.17999267578125,205.1999969482422,207.10000610351562,93993500,0,1
2015-03-13,206.77000427246094,207.92999267578125,204.5800018310547,205.8300018310547,162410900,0,1
2015-03-16,206.7100067138672,208.69000244140625,205.86000061035156,208.5800018310547,136099200,0,1
2015-03-17,207.69000244140625,208.4199981689453,206.97999572753906,207.9600067138672,94510400,0,1
2015-03-18,207.38999938964844,211.27000427246094,206.6199951171875,210.4600067138672,228808500,0,1
2015-03-19,209.9600067138672,210.47000122070312,209.02999877929688,209.5,117917300,0,1
2015-03-20,209.7100067138672,211.02000427246094,209.49000549316406,210.41000366210938,177715100,0,1
2015-03-23,210.4199981689453,211.11000061035156,210.0,210.0,71784500,0,1
2015-03-24,209.85000610351562,210.39999389648438,208.74000549316406,208.82000732421875,77805300,0,1
2015-03-25,209.07000732421875,209.35000610351562,205.7100067138672,205.75999450683594,159521700,0,1
2015-03-26,204.9600067138672,206.3699951171875,204.1199951171875,205.27000427246094,153067200,0,1
2015-03-27,205.1300048828125,205.9499969482422,204.89999389648438,205.74000549316406,118939000,0,1
2015-03-30,206.97999572753906,208.61000061035156,206.9600067138672,208.25,96180400,0,1
2015-03-31,207.25999450683594,208.10000610351562,206.36000061035156,206.42999267578125,126768700,0,1
2015-04-01,206.38999938964844,206.4199981689453,204.50999450683594,205.6999969482422,137303600,0,1
2015-04-02,205.6199951171875,206.97999572753906,205.39999389648438,206.44000244140625,86900900,0,1
2015-04-06,205.3699951171875,208.4499969482422,205.2100067138672,207.8300018310547,114368200,0,1
2015-04-07,207.86000061035156,208.75999450683594,207.24000549316406,207.27999877929688,81236300,0,1
2015-04-08,207.5500030517578,208.50999450683594,207.0800018310547,207.97999572753906,89351900,0,1
2015-04-09,207.77999877929688,209.17999267578125,207.19000244140625,208.89999389648438,85548900,0,1
2015-04-10,209.1999969482422,210.08999633789062,208.9600067138672,210.0399932861328,72722900,0,1
2015-04-13,209.8699951171875,210.6300048828125,209.02999877929688,209.08999633789062,74436600,0,1
2015-04-14,208.85000610351562,209.7100067138672,208.10000610351562,209.49000549316406,75099900,0,1
2015-04-15,210.0500030517578,211.0399932861328,209.9499969482422,210.42999267578125,99529300,0,1
2015-04-16,210.02999877929688,210.97999572753906,209.7899932861328,210.3699951171875,68934900,0,1
2015-04-17,208.94000244140625,209.22999572753906,207.00999450683594,207.9499969482422,191113200,0,1
2015-04-20,209.05999755859375,210.25,208.9600067138672,209.85000610351562,92189500,0,1
2015-04-21,210.6699981689453,210.86000061035156,209.24000549316406,209.60000610351562,72559800,0,1
2015-04-22,210.00999450683594,210.85000610351562,208.89999389648438,210.6300048828125,78264600,0,1
2015-04-23,210.14999389648438,211.94000244140625,210.00999450683594,211.16000366210938,102585900,0,1
2015-04-24,211.66000366210938,211.97000122070312,211.11000061035156,211.64999389648438,61327400,0,1
2015-04-27,212.3300018310547,212.47999572753906,210.5399932861328,210.77000427246094,79358100,0,1
2015-04-28,210.74000549316406,211.5,209.3300018310547,211.44000244140625,86863500,0,1
2015-04-29,210.3699951171875,211.2899932861328,209.60000610351562,210.57000732421875,125684900,0,1
2015-04-30,209.8800048828125,210.35000610351562,207.6199951171875,208.4600067138672,161304900,0,1
2015-05-01,209.39999389648438,210.77000427246094,209.27999877929688,210.72000122070312,103399700,0,1
2015-05-04,211.22999572753906,212.02000427246094,211.10000610351562,211.32000732421875,70927200,0,1
2015-05-05,211.02999877929688,211.4600067138672,208.72999572753906,208.89999389648438,113326200,0,1
2015-05-06,209.55999755859375,209.92999267578125,206.75999450683594,208.0399932861328,135060200,0,1
2015-05-07,207.9199981689453,209.3800048828125,207.52000427246094,208.8699951171875,88244900,0,1
2015-05-08,210.8800048828125,211.86000061035156,210.77999877929688,211.6199951171875,155877300,0,1
2015-05-11,211.57000732421875,211.88999938964844,210.52000427246094,210.61000061035156,75708100,0,1
2015-05-12,209.61000061035156,210.6300048828125,208.6199951171875,209.97999572753906,119727600,0,1
2015-05-13,210.47000122070312,211.22000122070312,209.74000549316406,210.02000427246094,94667900,0,1
2015-05-14,211.24000549316406,212.32000732421875,210.91000366210938,212.2100067138672,95934000,0,1
2015-05-15,212.44000244140625,212.61000061035156,211.86000061035156,212.44000244140625,76510100,0,1
2015-05-18,212.24000549316406,213.39999389648438,212.16000366210938,213.10000610351562,74549700,0,1
2015-05-19,213.24000549316406,213.57000732421875,212.69000244140625,213.02999877929688,72114600,0,1
2015-05-20,213.14999389648438,213.77999877929688,212.5,212.8800048828125,76857500,0,1
2015-05-21,212.7100067138672,213.75,212.50999450683594,213.5,64764600,0,1
2015-05-22,213.0399932861328,213.5399932861328,212.91000366210938,212.99000549316406,57433500,0,1
2015-05-26,212.39999389648438,212.91000366210938,210.1999969482422,210.6999969482422,124308600,0,1
2015-05-27,211.25,212.97999572753906,210.75999450683594,212.6999969482422,93214000,0,1
2015-05-28,212.3300018310547,212.58999633789062,211.6300048828125,212.4600067138672,74974600,0,1
2015-05-29,212.3800048828125,212.42999267578125,210.82000732421875,211.13999938964844,124919600,0,1
2015-06-01,211.94000244140625,212.33999633789062,210.6199951171875,211.57000732421875,93338800,0,1
2015-06-02,211.02000427246094,212.19000244140625,210.27000427246094,211.36000061035156,91531000,0,1
2015-06-03,212.0,212.6699981689453,211.3300018310547,211.9199981689453,87820900,0,1
2015-06-04,211.07000732421875,211.86000061035156,209.75,210.1300048828125,151882800,0,1
2015-06-05,209.9499969482422,210.5800018310547,208.97999572753906,209.77000427246094,121704700,0,1
2015-06-08,209.63999938964844,209.82000732421875,208.38999938964844,208.47999572753906,89063300,0,1
2015-06-09,208.4499969482422,209.10000610351562,207.69000244140625,208.4499969482422,105034700,0,1
2015-06-10,209.3699951171875,211.41000366210938,209.3000030517578,210.9499969482422,134551300,0,1
2015-06-11,211.47999572753906,212.08999633789062,211.1999969482422,211.6300048828125,73876400,0,1
2015-06-12,210.63999938964844,211.47999572753906,209.67999267578125,210.00999450683594,135382400,0,1
2015-06-15,208.63999938964844,209.4499969482422,207.7899932861328,209.11000061035156,124384200,0,1
2015-06-16,208.92999267578125,210.35000610351562,208.72000122070312,210.25,85308200,0,1
2015-06-17,210.58999633789062,211.32000732421875,209.36000061035156,210.58999633789062,126708600,0,1
2015-06-18,211.30999755859375,213.33999633789062,210.6300048828125,212.77999877929688,165867900,0,1
2015-06-19,211.4600067138672,211.5500030517578,210.36000061035156,210.80999755859375,130478700,0,1
2015-06-22,211.91000366210938,212.58999633789062,211.63999938964844,211.88999938964844,70696000,0,1
2015-06-23,212.13999938964844,212.44000244140625,211.57000732421875,212.0399932861328,68476800,0,1
2015-06-24,211.72000122070312,212.1699981689453,210.47000122070312,210.5,92307300,0,1
2015-06-25,211.10000610351562,211.25,209.77000427246094,209.86000061035156,97107400,0,1
2015-06-26,210.2899932861328,210.5800018310547,209.16000366210938,209.82000732421875,104174800,0,1
2015-06-29,208.0500030517578,209.8300018310547,205.3300018310547,205.4199981689453,202621300,0,1
2015-06-30,207.25999450683594,207.32000732421875,205.27999877929688,205.85000610351562,182925100,0,1
2015-07-01,207.72999572753906,208.02999877929688,206.55999755859375,207.5,135979900,0,1
2015-07-02,208.07000732421875,208.27000427246094,206.80999755859375,207.30999755859375,104373700,0,1
2015-07-06,205.77000427246094,207.64999389648438,205.52999877929688,206.72000122070312,117975400,0,1
2015-07-07,206.9600067138672,208.1699981689453,204.11000061035156,208.02000427246094,173820200,0,1
2015-07-08,206.4199981689453,206.75999450683594,204.25,204.52999877929688,164020100,0,1
2015-07-09,207.0399932861328,207.35000610351562,204.77000427246094,204.89999389648438,144113100,0,1
2015-07-10,207.2899932861328,207.97999572753906,204.9499969482422,207.47999572753906,129456900,0,1
2015-07-13,208.99000549316406,209.89999389648438,208.94000244140625,209.77000427246094,106069400,0,1
2015-07-14,209.72000122070312,211.0500030517578,209.64999389648438,210.67999267578125,81709600,0,1
2015-07-15,210.72999572753906,211.27999877929688,210.0399932861328,210.61000061035156,97914100,0,1
2015-07-16,211.8699951171875,212.3000030517578,211.5800018310547,212.3000030517578,106683300,0,1
2015-07-17,212.2899932861328,212.5500030517578,211.8000030517578,212.47999572753906,89030000,0,1
2015-07-20,212.75,213.17999267578125,212.2100067138672,212.58999633789062,70446800,0,1
2015-07-21,212.42999267578125,212.74000549316406,211.38999938964844,211.75,77965000,0,1
2015-07-22,210.92999267578125,211.77000427246094,210.88999938964844,211.3699951171875,88667900,0,1
2015-07-23,211.52999877929688,211.64999389648438,209.75,210.17999267578125,90509100,0,1
2015-07-24,210.3000030517578,210.3699951171875,207.60000610351562,208.0,117755000,0,1
2015-07-27,206.94000244140625,207.5500030517578,206.25999450683594,206.7899932861328,132361100,0,1
2015-07-28,207.7899932861328,209.5,206.8000030517578,209.3300018310547,123544800,0,1
2015-07-29,209.47999572753906,211.0399932861328,209.30999755859375,210.77000427246094,105791300,0,1
2015-07-30,210.16000366210938,211.02000427246094,209.4199981689453,210.82000732421875,91304400,0,1
2015-07-31,211.4199981689453,211.4499969482422,210.16000366210938,210.5,103266900,0,1
2015-08-03,210.4600067138672,210.52999877929688,208.64999389648438,209.7899932861328,113965700,0,1
2015-08-04,209.6999969482422,210.25,208.8000030517578,209.3800048828125,81820800,0,1
2015-08-05,210.4499969482422,211.30999755859375,209.72999572753906,210.07000732421875,85786800,0,1
2015-08-06,210.2899932861328,210.4199981689453,207.64999389648438,208.35000610351562,116030800,0,1
2015-08-07,208.16000366210938,208.33999633789062,206.8699951171875,207.9499969482422,117858000,0,1
2015-08-10,209.27999877929688,210.6699981689453,209.27999877929688,210.57000732421875,80270700,0,1
2015-08-11,208.97000122070312,209.47000122070312,207.75999450683594,208.6699981689453,126081400,0,1
2015-08-12,207.11000061035156,209.13999938964844,205.36000061035156,208.9199981689453,172123700,0,1
2015-08-13,208.72999572753906,209.5500030517578,208.00999450683594,208.66000366210938,89383300,0,1
2015-08-14,208.42999267578125,209.50999450683594,208.25999450683594,209.4199981689453,72786500,0,1
2015-08-17,208.7100067138672,210.58999633789062,208.16000366210938,210.58999633789062,79072600,0,1
2015-08-18,210.25999450683594,210.67999267578125,209.6999969482422,209.97999572753906,71692700,0,1
2015-08-19,209.08999633789062,210.00999450683594,207.35000610351562,208.32000732421875,172946000,0,1
2015-08-20,206.50999450683594,208.2899932861328,203.89999389648438,203.97000122070312,194327900,0,1
2015-08-21,201.72999572753906,203.94000244140625,197.52000427246094,197.8300018310547,346588500,0,1
2015-08-24,187.49000549316406,197.47999572753906,182.39999389648438,189.5,507244300,0,1
2015-08-25,195.42999267578125,195.4499969482422,186.9199981689453,187.27000427246094,369833100,0,1
2015-08-26,192.0800018310547,194.7899932861328,188.3699951171875,194.4600067138672,339257000,0,1
2015-08-27,197.02000427246094,199.4199981689453,195.2100067138672,199.27000427246094,274143900,0,1
2015-08-28,198.5,199.83999633789062,197.9199981689453,199.27999877929688,160414400,0,1
2015-08-31,198.11000061035156,199.1300048828125,197.00999450683594,197.6699981689453,163298800,0,1
2015-09-01,193.1199951171875,194.77000427246094,190.72999572753906,191.77000427246094,256000400,0,1
2015-09-02,194.6199951171875,195.4600067138672,192.4199981689453,195.41000366210938,160269300,0,1
2015-09-03,196.25999450683594,198.0500030517578,194.9600067138672,195.5500030517578,152087800,0,1
2015-09-04,192.85000610351562,193.86000061035156,191.61000061035156,192.58999633789062,207081000,0,1
2015-09-08,195.94000244140625,197.61000061035156,195.1699981689453,197.42999267578125,116025700,0,1
2015-09-09,199.32000732421875,199.47000122070312,194.35000610351562,194.7899932861328,149347700,0,1
2015-09-10,194.55999755859375,197.22000122070312,194.25,195.85000610351562,158611100,0,1
2015-09-11,195.3800048828125,196.82000732421875,194.52999877929688,196.74000549316406,119691200,0,1
2015-09-14,196.9499969482422,197.00999450683594,195.42999267578125,196.00999450683594,79452000,0,1
2015-09-15,196.61000061035156,198.99000549316406,195.9600067138672,198.4600067138672,113806200,0,1
2015-09-16,198.82000732421875,200.41000366210938,198.41000366210938,200.17999267578125,99581600,0,1
2015-09-17,200.02000427246094,202.88999938964844,199.27999877929688,199.72999572753906,276046600,0,1
2015-09-18,195.7100067138672,198.67999267578125,194.9600067138672,195.4499969482422,223657500,0,1
2015-09-21,196.44000244140625,197.67999267578125,195.2100067138672,196.4600067138672,105726200,0,1
2015-09-22,193.8800048828125,194.4600067138672,192.55999755859375,193.91000366210938,153890900,0,1
2015-09-23,194.11000061035156,194.6699981689453,192.91000366210938,193.60000610351562,92790600,0,1
2015-09-24,192.14999389648438,193.4499969482422,190.55999755859375,192.89999389648438,159378800,0,1
2015-09-25,194.63999938964844,195.0,191.80999755859375,192.85000610351562,155054800,0,1
2015-09-28,191.77999877929688,191.91000366210938,187.63999938964844,188.00999450683594,178515900,0,1
2015-09-29,188.27000427246094,189.74000549316406,186.92999267578125,188.1199951171875,159045600,0,1
2015-09-30,190.3699951171875,191.8300018310547,189.44000244140625,191.6300048828125,163452000,0,1
2015-10-01,192.0800018310547,192.49000549316406,189.82000732421875,192.1300048828125,131079000,0,1
2015-10-02,189.77000427246094,195.02999877929688,189.1199951171875,195.0,211003300,0,1
2015-10-05,196.4600067138672,198.74000549316406,196.3300018310547,198.47000122070312,126320800,0,1
2015-10-06,198.30999755859375,198.97999572753906,197.0,197.7899932861328,110274500,0,1
2015-10-07,198.89999389648438,199.8300018310547,197.47999572753906,199.41000366210938,124307300,0,1
2015-10-08,198.9499969482422,201.5500030517578,198.58999633789062,201.2100067138672,153055200,0,1
2015-10-09,201.3800048828125,201.89999389648438,200.5800018310547,201.3300018310547,107069200,0,1
2015-10-12,201.4199981689453,201.75999450683594,200.91000366210938,201.52000427246094,56395600,0,1
2015-10-13,200.64999389648438,202.16000366210938,200.0500030517578,200.25,88038700,0,1
2015-10-14,200.17999267578125,200.8699951171875,198.94000244140625,199.2899932861328,99106200,0,1
2015-10-15,200.0800018310547,202.36000061035156,199.63999938964844,202.35000610351562,134142200,0,1
2015-10-16,202.8300018310547,203.2899932861328,201.9199981689453,203.27000427246094,114580100,0,1
2015-10-19,202.5,203.3699951171875,202.1300048828125,203.3699951171875,76523900,0,1
2015-10-20,202.85000610351562,203.83999633789062,202.5500030517578,203.11000061035156,78448500,0,1
2015-10-21,203.61000061035156,203.7899932861328,201.64999389648438,201.85000610351562,102038000,0,1
2015-10-22,202.97999572753906,205.50999450683594,201.85000610351562,205.25999450683594,174911700,0,1
2015-10-23,207.25,207.9499969482422,206.3000030517578,207.50999450683594,144442300,0,1
2015-10-26,207.3000030517578,207.3699951171875,206.55999755859375,207.0,69033000,0,1
2015-10-27,206.1999969482422,207.0,205.7899932861328,206.60000610351562,77905800,0,1
2015-10-28,207.0,208.97999572753906,206.2100067138672,208.9499969482422,135906700,0,1
2015-10-29,208.35000610351562,209.27000427246094,208.2100067138672,208.8300018310547,90525500,0,1
2015-10-30,209.05999755859375,209.44000244140625,207.74000549316406,207.92999267578125,131076900,0,1
2015-11-02,208.32000732421875,210.6199951171875,208.1699981689453,210.38999938964844,86270800,0,1
2015-11-03,209.97000122070312,211.66000366210938,209.6999969482422,211.0,95246100,0,1
2015-11-04,211.35000610351562,211.5,209.72000122070312,210.36000061035156,96224500,0,1
2015-11-05,210.42999267578125,210.97999572753906,209.08999633789062,210.14999389648438,78408700,0,1
2015-11-06,209.74000549316406,210.32000732421875,208.4600067138672,210.0399932861328,110471500,0,1
2015-11-09,209.30999755859375,209.49000549316406,206.9499969482422,208.0800018310547,131008700,0,1
2015-11-10,207.50999450683594,208.60000610351562,207.19000244140625,208.55999755859375,75874600,0,1
2015-11-11,208.8800048828125,208.94000244140625,207.66000366210938,207.74000549316406,67846000,0,1
2015-11-12,206.5,207.05999755859375,204.82000732421875,204.83999633789062,121315200,0,1
2015-11-13,204.35000610351562,204.6699981689453,202.44000244140625,202.5399932861328,153577100,0,1
2015-11-16,202.32000732421875,205.69000244140625,202.17999267578125,205.6199951171875,117645200,0,1
2015-11-17,205.99000549316406,207.0399932861328,204.8800048828125,205.47000122070312,121123700,0,1
2015-11-18,206.0399932861328,208.89999389648438,205.99000549316406,208.72999572753906,121342500,0,1
2015-11-19,208.58999633789062,209.0500030517578,208.1999969482422,208.5500030517578,88220500,0,1
2015-11-20,209.4499969482422,210.1199951171875,208.86000061035156,209.30999755859375,94011500,0,1
2015-11-23,209.3800048828125,209.97999572753906,208.52000427246094,209.07000732421875,64931200,0,1
2015-11-24,207.8699951171875,209.8300018310547,207.41000366210938,209.35000610351562,98874400,0,1
2015-11-25,209.5,209.74000549316406,209.00999450683594,209.32000732421875,51980100,0,1
2015-11-27,209.42999267578125,209.8000030517578,208.86000061035156,209.55999755859375,37317800,0,1
2015-11-30,209.75,209.88999938964844,208.55999755859375,208.69000244140625,112822700,0,1
2015-12-01,209.44000244140625,210.82000732421875,209.11000061035156,210.67999267578125,97858400,0,1
2015-12-02,210.6199951171875,211.0,208.22999572753906,208.52999877929688,108441300,0,1
2015-12-03,208.8300018310547,209.14999389648438,204.75,205.61000061035156,166224200,0,1
2015-12-04,205.61000061035156,209.97000122070312,205.61000061035156,209.6199951171875,192913900,0,1
2015-12-07,209.22999572753906,209.72999572753906,207.1999969482422,208.35000610351562,102027100,0,1
2015-12-08,206.49000549316406,208.2899932861328,205.77999877929688,206.9499969482422,103372400,0,1
2015-12-09,206.19000244140625,208.67999267578125,204.17999267578125,205.33999633789062,162401500,0,1
2015-12-10,205.4199981689453,207.42999267578125,205.13999938964844,205.8699951171875,116128900,0,1
2015-12-11,203.35000610351562,204.13999938964844,201.50999450683594,201.8800048828125,211173300,0,1
2015-12-14,202.07000732421875,203.0500030517578,199.9499969482422,202.89999389648438,182385200,0,1
2015-12-15,204.6999969482422,206.11000061035156,202.8699951171875,205.02999877929688,154069600,0,1
2015-12-16,206.3699951171875,208.38999938964844,204.8000030517578,208.02999877929688,197017000,0,1
2015-12-17,208.39999389648438,208.47999572753906,204.83999633789062,204.86000061035156,173092500,0,1
2015-12-18,202.77000427246094,202.92999267578125,199.8300018310547,200.02000427246094,251393500,0,1
2015-12-21,201.41000366210938,201.8800048828125,200.08999633789062,201.6699981689453,99094300,0,1
2015-12-22,202.72000122070312,203.85000610351562,201.5500030517578,203.5,111026200,0,1
2015-12-23,204.69000244140625,206.07000732421875,204.5800018310547,206.02000427246094,110987200,0,1
2015-12-24,205.72000122070312,206.3300018310547,205.4199981689453,205.67999267578125,48539600,0,1
2015-12-28,204.86000061035156,205.25999450683594,203.94000244140625,205.2100067138672,65899900,0,1
2015-12-29,206.50999450683594,207.7899932861328,206.47000122070312,207.39999389648438,92640700,0,1
2015-12-30,207.11000061035156,207.2100067138672,205.75999450683594,205.92999267578125,63317700,0,1
2015-12-31,205.1300048828125,205.88999938964844,203.8699951171875,203.8699951171875,114877900,0,1
2016-01-04,200.49000549316406,201.02999877929688,198.58999633789062,201.02000427246094,222353500,0,1
2016-01-05,201.39999389648438,201.89999389648438,200.0500030517578,201.36000061035156,110845800,0,1
2016-01-06,198.33999633789062,200.05999755859375,197.60000610351562,198.82000732421875,152112600,0,1
2016-01-07,195.3300018310547,197.44000244140625,193.58999633789062,194.0500030517578,213436100,0,1
2016-01-08,195.19000244140625,195.85000610351562,191.5800018310547,191.9199981689453,209817200,0,1
2016-01-11,193.00999450683594,193.41000366210938,189.82000732421875,192.11000061035156,187941300,0,1
2016-01-12,193.82000732421875,194.5500030517578,191.13999938964844,193.66000366210938,172330500,0,1
2016-01-13,194.4499969482422,194.86000061035156,188.3800048828125,188.8300018310547,221168900,0,1
2016-01-14,189.5500030517578,193.25999450683594,187.66000366210938,191.92999267578125,240795600,0,1
2016-01-15,186.77000427246094,188.75999450683594,185.52000427246094,187.80999755859375,324846400,0,1
2016-01-19,189.9600067138672,190.11000061035156,186.1999969482422,188.05999755859375,195244400,0,1
2016-01-20,185.02999877929688,187.5,181.02000427246094,185.64999389648438,286547800,0,1
2016-01-21,186.2100067138672,188.8699951171875,184.63999938964844,186.69000244140625,195772900,0,1
2016-01-22,189.77999877929688,190.75999450683594,188.8800048828125,190.52000427246094,168319600,0,1
2016-01-25,189.9199981689453,190.14999389648438,187.41000366210938,187.63999938964844,130371700,0,1
2016-01-26,188.4199981689453,190.52999877929688,188.02000427246094,190.1999969482422,141036800,0,1
2016-01-27,189.5800018310547,191.55999755859375,187.05999755859375,188.1300048828125,185681700,0,1
2016-01-28,189.9600067138672,190.1999969482422,187.16000366210938,189.11000061035156,143798800,0,1
2016-01-29,190.02000427246094,193.8800048828125,189.8800048828125,193.72000122070312,210529300,0,1
2016-02-01,192.52999877929688,194.5800018310547,191.83999633789062,193.64999389648438,136061600,0,1
2016-02-02,191.9600067138672,191.97000122070312,189.5399932861328,190.16000366210938,182564900,0,1
2016-02-03,191.41000366210938,191.77999877929688,187.10000610351562,191.3000030517578,205054900,0,1
2016-02-04,190.7100067138672,192.75,189.9600067138672,191.60000610351562,139531800,0,1
2016-02-05,190.99000549316406,191.6699981689453,187.1999969482422,187.9499969482422,180788300,0,1
2016-02-08,185.77000427246094,186.1199951171875,182.8000030517578,185.4199981689453,191526700,0,1
2016-02-09,183.36000061035156,186.94000244140625,183.1999969482422,185.42999267578125,184513100,0,1
2016-02-10,186.41000366210938,188.33999633789062,185.1199951171875,185.27000427246094,148214100,0,1
2016-02-11,182.33999633789062,184.10000610351562,181.08999633789062,182.86000061035156,219058900,0,1
2016-02-12,184.9600067138672,186.64999389648438,183.9600067138672,186.6300048828125,127632400,0,1
2016-02-16,188.77000427246094,189.80999755859375,187.6300048828125,189.77999877929688,120250700,0,1
2016-02-17,191.16000366210938,193.32000732421875,191.00999450683594,192.8800048828125,136009500,0,1
2016-02-18,193.1999969482422,193.27000427246094,191.72000122070312,192.08999633789062,102343000,0,1
2016-02-19,191.1699981689453,192.17999267578125,190.4499969482422,192.0,114793000,0,1
2016-02-22,193.8699951171875,194.9499969482422,193.7899932861328,194.77999877929688,103640300,0,1
2016-02-23,194.0,194.32000732421875,192.17999267578125,192.32000732421875,111455300,0,1
2016-02-24,190.6300048828125,193.52999877929688,189.32000732421875,193.1999969482422,150812200,0,1
2016-02-25,193.72999572753906,195.5500030517578,192.8300018310547,195.5399932861328,110728300,0,1
2016-02-26,196.57000732421875,196.67999267578125,194.89999389648438,195.08999633789062,129833700,0,1
2016-02-29,195.11000061035156,196.22999572753906,193.3300018310547,193.55999755859375,125918100,0,1
2016-03-01,195.00999450683594,198.2100067138672,194.4499969482422,198.11000061035156,141799700,0,1
2016-03-02,197.74000549316406,199.05999755859375,197.25,199.0,102415000,0,1
2016-03-03,198.7899932861328,199.8000030517578,198.11000061035156,199.77999877929688,95172200,0,1
2016-03-04,200.00999450683594,201.35000610351562,199.02999877929688,200.42999267578125,129293600,0,1
2016-03-07,199.33999633789062,201.07000732421875,199.25,200.58999633789062,100219000,0,1
2016-03-08,199.32000732421875,199.9199981689453,198.2100067138672,198.39999389648438,123974900,0,1
2016-03-09,199.36000061035156,199.7899932861328,198.42999267578125,199.3800048828125,94801200,0,1
2016-03-10,199.9600067138672,201.07000732421875,197.3800048828125,199.5399932861328,156838700,0,1
2016-03-11,201.25999450683594,202.80999755859375,199.52000427246094,202.75999450683594,137964500,0,1
2016-03-14,202.16000366210938,203.0399932861328,201.77000427246094,202.5,73612000,0,1
2016-03-15,201.36000061035156,202.52999877929688,201.0500030517578,202.1699981689453,93169100,0,1
2016-03-16,201.60000610351562,203.82000732421875,201.5500030517578,203.33999633789062,129303200,0,1
2016-03-17,203.24000549316406,205.22999572753906,202.77000427246094,204.6300048828125,134278500,0,1
2016-03-18,204.1699981689453,204.77999877929688,203.8000030517578,204.3800048828125,138372400,0,1
2016-03-21,204.07000732421875,204.94000244140625,203.8000030517578,204.6699981689453,72926700,0,1
2016-03-22,203.75999450683594,205.22999572753906,203.57000732421875,204.55999755859375,97471900,0,1
2016-03-23,204.11000061035156,204.3300018310547,203.00999450683594,203.2100067138672,81052500,0,1
2016-03-24,202.0,203.16000366210938,201.74000549316406,203.1199951171875,84360900,0,1
2016-03-28,203.61000061035156,203.86000061035156,202.7100067138672,203.24000549316406,62408200,0,1
2016-03-29,202.75999450683594,205.25,202.39999389648438,205.1199951171875,92922900,0,1
2016-03-30,206.3000030517578,206.8699951171875,205.58999633789062,206.02000427246094,86365300,0,1
2016-03-31,205.91000366210938,206.41000366210938,205.3300018310547,205.52000427246094,94584100,0,1
2016-04-01,204.35000610351562,207.13999938964844,203.97999572753906,206.9199981689453,114423500,0,1
2016-04-04,206.8300018310547,207.07000732421875,205.88999938964844,206.25,63497000,0,1
2016-04-05,204.6699981689453,206.25999450683594,203.88999938964844,204.19000244140625,99662200,0,1
2016-04-06,204.19000244140625,206.49000549316406,203.97999572753906,206.4199981689453,91839800,0,1
2016-04-07,205.13999938964844,205.55999755859375,203.08999633789062,203.9499969482422,113859000,0,1
2016-04-08,205.33999633789062,205.85000610351562,203.8699951171875,204.5,95040600,0,1
2016-04-11,205.25,206.07000732421875,203.91000366210938,204.02000427246094,83757500,0,1
2016-04-12,204.22000122070312,206.25,203.6999969482422,205.9199981689453,115350600,0,1
2016-04-13,207.0,208.10000610351562,206.83999633789062,208.0,96336400,0,1
2016-04-14,208.07000732421875,208.60000610351562,207.60000610351562,208.00999450683594,65212900,0,1
2016-04-15,208.00999450683594,208.1699981689453,207.39999389648438,207.77999877929688,75761600,0,1
2016-04-18,207.77999877929688,209.27999877929688,207.0,209.24000549316406,82531000,0,1
2016-04-19,209.74000549316406,210.1999969482422,208.94000244140625,209.89999389648438,88316100,0,1
2016-04-20,209.9499969482422,210.9199981689453,209.38999938964844,210.10000610351562,81100300,0,1
2016-04-21,210.1199951171875,210.25,208.64999389648438,208.97000122070312,85695000,0,1
2016-04-22,208.5500030517578,209.2899932861328,207.91000366210938,208.97000122070312,99251700,0,1
2016-04-25,208.25999450683594,208.66000366210938,207.5399932861328,208.61000061035156,66166500,0,1
2016-04-26,209.0399932861328,209.52000427246094,208.36000061035156,208.9199981689453,75864200,0,1
2016-04-27,208.47000122070312,209.80999755859375,208.0500030517578,209.35000610351562,77329400,0,1
2016-04-28,208.4600067138672,209.75999450683594,206.9600067138672,207.4499969482422,97216200,0,1
2016-04-29,206.72000122070312,207.1300048828125,205.02999877929688,206.3300018310547,142424100,0,1
2016-05-02,206.9199981689453,208.17999267578125,206.41000366210938,207.97000122070312,62188000,0,1
2016-05-03,206.52000427246094,206.8000030517578,205.27999877929688,206.16000366210938,106422100,0,1
2016-05-04,204.99000549316406,205.85000610351562,204.4199981689453,205.00999450683594,92243800,0,1
2016-05-05,205.55999755859375,205.97999572753906,204.47000122070312,204.97000122070312,67619200,0,1
2016-05-06,204.05999755859375,205.77000427246094,203.8800048828125,205.72000122070312,89315000,0,1
2016-05-09,205.57000732421875,206.39999389648438,205.36000061035156,205.88999938964844,74374900,0,1
2016-05-10,206.72000122070312,208.47000122070312,206.63999938964844,208.4499969482422,77472200,0,1
2016-05-11,207.91000366210938,208.5399932861328,206.5,206.5,81727000,0,1
2016-05-12,207.2899932861328,207.49000549316406,205.3699951171875,206.55999755859375,89586300,0,1
2016-05-13,206.2100067138672,206.86000061035156,204.3800048828125,204.75999450683594,96474600,0,1
2016-05-16,204.9600067138672,207.33999633789062,204.88999938964844,206.77999877929688,77486800,0,1
2016-05-17,206.4600067138672,206.8000030517578,204.22999572753906,204.85000610351562,114924900,0,1
2016-05-18,204.44000244140625,206.3000030517578,203.6300048828125,204.91000366210938,120062100,0,1
2016-05-19,204.05999755859375,204.5399932861328,202.77999877929688,204.1999969482422,115430500,0,1
2016-05-20,204.9199981689453,206.10000610351562,204.86000061035156,205.49000549316406,104990400,0,1
2016-05-23,205.50999450683594,205.83999633789062,204.99000549316406,205.2100067138672,58682600,0,1
2016-05-24,206.1699981689453,208.24000549316406,206.13999938964844,207.8699951171875,93537800,0,1
2016-05-25,208.6699981689453,209.77000427246094,207.8699951171875,209.27999877929688,76621400,0,1
2016-05-26,209.44000244140625,209.7100067138672,208.97000122070312,209.33999633789062,55280700,0,1
2016-05-27,209.52999877929688,210.25,209.47000122070312,210.24000549316406,64211200,0,1
2016-05-31,210.55999755859375,210.69000244140625,209.17999267578125,209.83999633789062,109879400,0,1
2016-06-01,209.1199951171875,210.47999572753906,208.88999938964844,210.27000427246094,69936200,0,1
2016-06-02,209.8000030517578,210.92999267578125,209.24000549316406,210.91000366210938,63044700,0,1
2016-06-03,210.25,210.69000244140625,208.86000061035156,210.27999877929688,101757100,0,1
2016-06-06,210.6999969482422,211.77000427246094,210.50999450683594,211.35000610351562,64887000,0,1
2016-06-07,211.52999877929688,212.33999633789062,211.5,211.67999267578125,60974800,0,1
2016-06-08,211.83999633789062,212.52000427246094,211.69000244140625,212.3699951171875,66170900,0,1
2016-06-09,211.50999450683594,212.22000122070312,211.19000244140625,212.0800018310547,73786900,0,1
2016-06-10,210.4600067138672,210.86000061035156,209.42999267578125,210.07000732421875,113829200,0,1
2016-06-13,209.36000061035156,210.3699951171875,208.35000610351562,208.4499969482422,117751200,0,1
2016-06-14,208.0,208.74000549316406,206.9199981689453,208.0399932861328,125059300,0,1
2016-06-15,208.0399932861328,209.36000061035156,207.52999877929688,207.75,109124500,0,1
2016-06-16,207.75,208.57000732421875,205.58999633789062,208.3699951171875,149533100,0,1
2016-06-17,207.1699981689453,207.1999969482422,205.75,206.52000427246094,117055700,0,1
2016-06-20,208.82000732421875,209.61000061035156,207.75,207.85000610351562,82789600,0,1
2016-06-21,208.3000030517578,208.9199981689453,207.77999877929688,208.44000244140625,72461700,0,1
2016-06-22,208.64999389648438,209.5,207.92999267578125,208.10000610351562,95560500,0,1
2016-06-23,209.80999755859375,210.8699951171875,209.27000427246094,210.80999755859375,102731400,0,1
2016-06-24,203.6300048828125,210.85000610351562,202.72000122070312,203.24000549316406,333444400,0,1
2016-06-27,201.58999633789062,201.60000610351562,198.64999389648438,199.60000610351562,230775800,0,1
2016-06-28,201.47999572753906,203.22999572753906,201.1199951171875,203.1999969482422,159382400,0,1
2016-06-29,204.83999633789062,206.92999267578125,204.72000122070312,206.66000366210938,137328600,0,1
2016-06-30,207.2100067138672,209.5399932861328,206.55999755859375,209.47999572753906,165021900,0,1
2016-07-01,209.47999572753906,210.49000549316406,209.2899932861328,209.9199981689453,106055300,0,1
2016-07-05,208.9499969482422,209.0800018310547,207.7100067138672,208.41000366210938,109803700,0,1
2016-07-06,207.8300018310547,209.8000030517578,207.05999755859375,209.66000366210938,96021500,0,1
2016-07-07,209.8699951171875,210.64999389648438,208.6300048828125,209.52999877929688,85593800,0,1
2016-07-08,211.0500030517578,212.94000244140625,210.77999877929688,212.64999389648438,133971000,0,1
2016-07-11,213.19000244140625,214.07000732421875,212.9499969482422,213.39999389648438,73633900,0,1
2016-07-12,214.52999877929688,215.3000030517578,213.42999267578125,214.9499969482422,101275600,0,1
2016-07-13,215.44000244140625,215.4499969482422,214.35000610351562,214.9199981689453,87324100,0,1
2016-07-14,216.39999389648438,216.6699981689453,215.66000366210938,216.1199951171875,91230900,0,1
2016-07-15,216.77999877929688,217.00999450683594,215.30999755859375,215.8300018310547,107155400,0,1
2016-07-18,215.97000122070312,216.60000610351562,215.6699981689453,216.41000366210938,58725900,0,1
2016-07-19,215.9199981689453,216.22999572753906,215.6300048828125,216.19000244140625,54345700,0,1
2016-07-20,216.19000244140625,217.3699951171875,216.19000244140625,217.08999633789062,58159500,0,1
2016-07-21,216.9600067138672,217.22000122070312,215.75,216.27000427246094,67777300,0,1
2016-07-22,216.41000366210938,217.3000030517578,216.10000610351562,217.24000549316406,62787500,0,1
2016-07-25,217.0,217.05999755859375,215.97000122070312,216.64999389648438,55873100,0,1
2016-07-26,216.52999877929688,217.1699981689453,215.75999450683594,216.75,70080500,0,1
2016-07-27,217.19000244140625,217.27000427246094,215.6199951171875,216.52000427246094,84083900,0,1
2016-07-28,216.2899932861328,217.11000061035156,215.75,216.77000427246094,65035700,0,1
2016-07-29,216.4600067138672,217.5399932861328,216.1300048828125,217.1199951171875,79519400,0,1
2016-08-01,217.19000244140625,217.64999389648438,216.41000366210938,216.94000244140625,73311400,0,1
2016-08-02,216.64999389648438,216.8300018310547,214.57000732421875,215.5500030517578,92295500,0,1
2016-08-03,215.47999572753906,216.25,215.1300048828125,216.17999267578125,53993600,0,1
2016-08-04,216.30999755859375,216.77999877929688,214.25,216.41000366210938,46585500,0,1
2016-08-05,216.41000366210938,218.22999572753906,216.41000366210938,218.17999267578125,71892200,0,1
2016-08-08,218.39999389648438,218.52000427246094,217.74000549316406,218.0500030517578,39906500,0,1
2016-08-09,218.1300048828125,218.75999450683594,217.8000030517578,218.17999267578125,51251700,0,1
2016-08-10,218.30999755859375,218.39999389648438,217.22999572753906,217.63999938964844,57941100,0,1
2016-08-11,218.25999450683594,218.94000244140625,217.9499969482422,218.64999389648438,72504300,0,1
2016-08-12,218.2899932861328,218.7100067138672,217.99000549316406,218.4600067138672,61313500,0,1
2016-08-15,218.88999938964844,219.5,218.8800048828125,219.08999633789062,49813500,0,1
2016-08-16,218.60000610351562,218.67999267578125,217.9600067138672,217.9600067138672,53213600,0,1
2016-08-17,218.0,218.52999877929688,217.02000427246094,218.3699951171875,75134300,0,1
2016-08-18,218.33999633789062,218.89999389648438,218.2100067138672,218.86000061035156,52989300,0,1
2016-08-19,218.30999755859375,218.75,217.74000549316406,218.5399932861328,75443000,0,1
2016-08-22,218.25999450683594,218.8000030517578,217.8300018310547,218.52999877929688,61368800,0,1
2016-08-23,219.25,219.60000610351562,218.89999389648438,218.97000122070312,53399200,0,1
2016-08-24,218.8000030517578,218.91000366210938,217.36000061035156,217.85000610351562,71728900,0,1
2016-08-25,217.39999389648438,218.19000244140625,217.22000122070312,217.6999969482422,69224800,0,1
2016-08-26,217.9199981689453,219.1199951171875,216.25,217.2899932861328,122506300,0,1
2016-08-29,217.44000244140625,218.6699981689453,217.39999389648438,218.36000061035156,70502200,0,1
2016-08-30,218.25999450683594,218.58999633789062,217.35000610351562,218.0,58114500,0,1
2016-08-31,217.61000061035156,217.75,216.47000122070312,217.3800048828125,85269500,0,1
2016-09-01,217.3699951171875,217.72999572753906,216.02999877929688,217.38999938964844,97844200,0,1
2016-09-02,218.38999938964844,218.8699951171875,217.6999969482422,218.3699951171875,79293900,0,1
2016-09-06,218.6999969482422,219.1199951171875,217.86000061035156,219.02999877929688,56702100,0,1
2016-09-07,218.83999633789062,219.22000122070312,218.3000030517578,219.00999450683594,76554900,0,1
2016-09-08,218.6199951171875,218.94000244140625,218.14999389648438,218.50999450683594,74102900,0,1
2016-09-09,216.97000122070312,217.02999877929688,213.25,213.27999877929688,221589100,0,1
2016-09-12,212.38999938964844,216.80999755859375,212.30999755859375,216.33999633789062,168110900,0,1
2016-09-13,214.83999633789062,215.14999389648438,212.5,213.22999572753906,182828800,0,1
2016-09-14,213.2899932861328,214.6999969482422,212.5,213.14999389648438,134185500,0,1
2016-09-15,212.9600067138672,215.72999572753906,212.75,215.27999877929688,134427900,0,1
2016-09-16,213.47999572753906,213.69000244140625,212.57000732421875,213.3699951171875,155236400,0,1
2016-09-19,214.1300048828125,214.8800048828125,213.02999877929688,213.41000366210938,80250500,0,1
2016-09-20,214.41000366210938,214.58999633789062,213.3800048828125,213.4199981689453,69665300,0,1
2016-09-21,214.24000549316406,216.02999877929688,213.44000244140625,215.82000732421875,110284400,0,1
2016-09-22,217.0,217.52999877929688,216.7100067138672,217.17999267578125,76678700,0,1
2016-09-23,216.72000122070312,216.8800048828125,215.8800048828125,215.99000549316406,73630900,0,1
2016-09-26,215.02000427246094,215.22999572753906,214.00999450683594,214.24000549316406,89827300,0,1
2016-09-27,214.0500030517578,215.67999267578125,213.6199951171875,215.57000732421875,78494800,0,1
2016-09-28,215.8300018310547,216.82000732421875,214.7100067138672,216.63999938964844,87411000,0,1
2016-09-29,216.39999389648438,216.8699951171875,214.0399932861328,214.67999267578125,128070600,0,1
2016-09-30,215.64999389648438,217.1199951171875,215.36000061035156,216.3000030517578,117202900,0,1
2016-10-03,215.82000732421875,216.0399932861328,215.0399932861328,215.77999877929688,83512100,0,1
2016-10-04,215.91000366210938,216.1699981689453,213.99000549316406,214.67999267578125,119948100,0,1
2016-10-05,215.41000366210938,216.1300048828125,215.3300018310547,215.6300048828125,72816000,0,1
2016-10-06,215.3699951171875,216.0399932861328,214.74000549316406,215.77999877929688,62927400,0,1
2016-10-07,216.10000610351562,216.3000030517578,214.19000244140625,215.0399932861328,89788300,0,1
2016-10-10,216.16000366210938,216.6999969482422,215.99000549316406,216.16000366210938,51855000,0,1
2016-10-11,215.66000366210938,215.74000549316406,212.5800018310547,213.42999267578125,130367400,0,1
2016-10-12,213.58999633789062,214.32000732421875,213.00999450683594,213.7100067138672,73866100,0,1
2016-10-13,212.16000366210938,213.58999633789062,211.2100067138672,213.00999450683594,101357000,0,1
2016-10-14,214.14999389648438,214.69000244140625,213.02999877929688,213.1199951171875,93346200,0,1
2016-10-17,213.08999633789062,213.38999938964844,212.1699981689453,212.3800048828125,58275700,0,1
2016-10-18,214.24000549316406,214.30999755859375,213.27000427246094,213.7100067138672,76869700,0,1
2016-10-19,214.02000427246094,214.63999938964844,213.60000610351562,214.27999877929688,66519200,0,1
2016-10-20,213.8699951171875,214.52999877929688,213.11000061035156,213.8800048828125,73639800,0,1
2016-10-21,213.8800048828125,214.0800018310547,212.75999450683594,213.97999572753906,89089100,0,1
2016-10-24,215.0,215.32000732421875,214.47999572753906,214.88999938964844,60146600,0,1
2016-10-25,214.67999267578125,214.97999572753906,213.97999572753906,214.1699981689453,66542300,0,1
2016-10-26,213.2100067138672,214.4199981689453,212.92999267578125,213.74000549316406,75705500,0,1
2016-10-27,214.5800018310547,214.6199951171875,213.0800018310547,213.1699981689453,77220200,0,1
2016-10-28,213.13999938964844,213.92999267578125,211.7100067138672,212.5399932861328,140623200,0,1
2016-10-31,212.92999267578125,213.19000244140625,212.36000061035156,212.5500030517578,61272500,0,1
2016-11-01,212.92999267578125,212.99000549316406,209.60000610351562,211.00999450683594,122781800,0,1
2016-11-02,210.64999389648438,211.10000610351562,209.22999572753906,209.74000549316406,103330800,0,1
2016-11-03,209.99000549316406,210.24000549316406,208.4600067138672,208.77999877929688,88939300,0,1
2016-11-04,208.91000366210938,209.88999938964844,208.3800048828125,208.5500030517578,109122100,0,1
2016-11-07,208.5500030517578,213.19000244140625,208.5500030517578,213.14999389648438,109794900,0,1
2016-11-08,212.69000244140625,214.77000427246094,212.3800048828125,214.11000061035156,106772100,0,1
2016-11-09,212.3699951171875,217.10000610351562,212.33999633789062,216.3800048828125,258429000,0,1
2016-11-10,217.3000030517578,218.30999755859375,215.22000122070312,216.9199981689453,172113300,0,1
2016-11-11,216.0800018310547,216.6999969482422,215.32000732421875,216.4199981689453,100552700,0,1
2016-11-14,217.02999877929688,217.27000427246094,215.72000122070312,216.58999633789062,94580000,0,1
2016-11-15,217.0399932861328,218.27999877929688,216.8000030517578,218.27999877929688,91652600,0,1
2016-11-16,217.55999755859375,218.13999938964844,217.4199981689453,217.8699951171875,65617700,0,1
2016-11-17,218.0500030517578,219.05999755859375,217.9199981689453,218.99000549316406,69797200,0,1
2016-11-18,219.07000732421875,219.27000427246094,218.2899932861328,218.5,86265800,0,1
2016-11-21,219.1699981689453,220.17999267578125,219.0,220.14999389648438,72402600,0,1
2016-11-22,220.50999450683594,220.7899932861328,219.72999572753906,220.5800018310547,67429000,0,1
2016-11-23,219.97999572753906,220.75999450683594,219.75,220.6999969482422,56620200,0,1
2016-11-25,221.10000610351562,221.55999755859375,221.00999450683594,221.52000427246094,37872300,0,1
2016-11-28,221.16000366210938,221.47999572753906,220.36000061035156,220.47999572753906,76572500,0,1
2016-11-29,220.52000427246094,221.44000244140625,220.1699981689453,220.91000366210938,69886700,0,1
2016-11-30,221.6300048828125,221.82000732421875,220.30999755859375,220.3800048828125,113291800,0,1
2016-12-01,220.72999572753906,220.72999572753906,219.14999389648438,219.57000732421875,79040500,0,1
2016-12-02,219.6699981689453,220.25,219.25999450683594,219.67999267578125,74840300,0,1
2016-12-05,220.64999389648438,221.39999389648438,220.4199981689453,221.0,67837800,0,1
2016-12-06,221.22000122070312,221.74000549316406,220.66000366210938,221.6999969482422,59877400,0,1
2016-12-07,221.52000427246094,224.6699981689453,221.3800048828125,224.60000610351562,110738100,0,1
2016-12-08,224.57000732421875,225.6999969482422,224.25999450683594,225.14999389648438,99714400,0,1
2016-12-09,225.41000366210938,226.52999877929688,225.3699951171875,226.50999450683594,88005800,0,1
2016-12-12,226.39999389648438,226.9600067138672,225.75999450683594,226.25,102016100,0,1
2016-12-13,227.02000427246094,228.33999633789062,227.0,227.75999450683594,110477500,0,1
2016-12-14,227.41000366210938,228.22999572753906,225.3699951171875,225.8800048828125,142501800,0,1
2016-12-15,226.16000366210938,227.80999755859375,225.88999938964844,226.80999755859375,124972600,0,1
2016-12-16,226.00999450683594,226.0800018310547,224.6699981689453,225.0399932861328,156420200,0,1
2016-12-19,225.25,226.02000427246094,225.0800018310547,225.52999877929688,90341100,0,1
2016-12-20,226.14999389648438,226.57000732421875,225.8800048828125,226.39999389648438,89838800,0,1
2016-12-21,226.25,226.4499969482422,225.77000427246094,225.77000427246094,67909000,0,1
2016-12-22,225.60000610351562,225.74000549316406,224.9199981689453,225.3800048828125,56219100,0,1
2016-12-23,225.42999267578125,225.72000122070312,225.2100067138672,225.7100067138672,36697800,0,1
2016-12-27,226.02000427246094,226.72999572753906,226.0,226.27000427246094,42672500,0,1
2016-12-28,226.57000732421875,226.58999633789062,224.27000427246094,224.39999389648438,64095000,0,1
2016-12-29,224.47999572753906,224.88999938964844,223.83999633789062,224.35000610351562,48696100,0,1
2016-12-30,224.72999572753906,224.8300018310547,222.72999572753906,223.52999877929688,108998300,0,1
2017-01-03,225.0399932861328,225.8300018310547,223.8800048828125,225.24000549316406,91366500,0,1
2017-01-04,225.6199951171875,226.75,225.61000061035156,226.5800018310547,78744400,0,1
2017-01-05,226.27000427246094,226.5800018310547,225.47999572753906,226.39999389648438,78379000,0,1
2017-01-06,226.52999877929688,227.75,225.89999389648438,227.2100067138672,71559900,0,1
2017-01-09,226.91000366210938,227.07000732421875,226.4199981689453,226.4600067138672,46939700,0,1
2017-01-10,226.47999572753906,227.4499969482422,226.00999450683594,226.4600067138672,63771900,0,1
2017-01-11,226.36000061035156,227.10000610351562,225.58999633789062,227.10000610351562,74650000,0,1
2017-01-12,226.5,226.75,224.9600067138672,226.52999877929688,72113200,0,1
2017-01-13,226.72999572753906,227.39999389648438,226.69000244140625,227.0500030517578,62717900,0,1
2017-01-17,226.30999755859375,226.77999877929688,225.8000030517578,226.25,61240800,0,1
2017-01-18,226.5399932861328,226.8000030517578,225.89999389648438,226.75,54793300,0,1
2017-01-19,226.83999633789062,227.0,225.41000366210938,225.91000366210938,66608800,0,1
2017-01-20,226.6999969482422,227.30999755859375,225.97000122070312,226.74000549316406,129168600,0,1
2017-01-23,226.74000549316406,226.80999755859375,225.27000427246094,226.14999389648438,75061600,0,1
2017-01-24,226.39999389648438,228.0800018310547,226.27000427246094,227.60000610351562,95555300,0,1
2017-01-25,228.6999969482422,229.57000732421875,228.50999450683594,229.57000732421875,84437700,0,1
2017-01-26,229.39999389648438,229.7100067138672,229.00999450683594,229.3300018310547,59970700,0,1
2017-01-27,229.4199981689453,229.58999633789062,228.75999450683594,228.97000122070312,59711100,0,1
2017-01-30,228.1699981689453,228.1999969482422,226.41000366210938,227.5500030517578,79737300,0,1
2017-01-31,226.97999572753906,227.60000610351562,226.32000732421875,227.52999877929688,75880800,0,1
2017-02-01,227.52999877929688,228.58999633789062,226.94000244140625,227.6199951171875,79117700,0,1
2017-02-02,227.6199951171875,228.10000610351562,226.82000732421875,227.77000427246094,69657600,0,1
2017-02-03,228.82000732421875,229.5500030517578,228.4600067138672,229.33999633789062,80563200,0,1
2017-02-06,228.8699951171875,229.3300018310547,228.5399932861328,228.92999267578125,57790100,0,1
2017-02-07,229.3800048828125,229.66000366210938,228.72000122070312,228.94000244140625,57931200,0,1
2017-02-08,228.94000244140625,229.38999938964844,228.30999755859375,229.24000549316406,51566200,0,1
2017-02-09,229.24000549316406,230.9499969482422,229.24000549316406,230.60000610351562,65955200,0,1
2017-02-10,231.0,231.77000427246094,230.6199951171875,231.50999450683594,66015900,0,1
2017-02-13,232.0800018310547,233.07000732421875,232.0500030517578,232.77000427246094,55182100,0,1
2017-02-14,232.55999755859375,233.7100067138672,232.16000366210938,233.6999969482422,71109000,0,1
2017-02-15,233.4499969482422,235.13999938964844,233.38999938964844,234.9199981689453,86785800,0,1
2017-02-16,234.9499969482422,235.16000366210938,233.85000610351562,234.72000122070312,84722400,0,1
2017-02-17,233.9499969482422,235.08999633789062,233.92999267578125,235.08999633789062,77204100,0,1
2017-02-21,235.52000427246094,236.69000244140625,235.50999450683594,236.49000549316406,88946100,0,1
2017-02-22,236.02000427246094,236.5399932861328,235.8300018310547,236.27999877929688,62115200,0,1
2017-02-23,236.8800048828125,236.89999389648438,235.55999755859375,236.44000244140625,74615900,0,1
2017-02-24,235.4600067138672,236.7899932861328,235.41000366210938,236.74000549316406,82381600,0,1
2017-02-27,236.63999938964844,237.30999755859375,236.35000610351562,237.11000061035156,56515400,0,1
2017-02-28,236.6699981689453,236.9499969482422,236.02000427246094,236.47000122070312,96961900,0,1
2017-03-01,238.38999938964844,240.32000732421875,238.3699951171875,239.77999877929688,149158200,0,1
2017-03-02,239.55999755859375,239.57000732421875,238.2100067138672,238.27000427246094,70246000,0,1
2017-03-03,238.1699981689453,238.61000061035156,237.72999572753906,238.4199981689453,81974300,0,1
2017-03-06,237.5,238.1199951171875,237.00999450683594,237.7100067138672,55391500,0,1
2017-03-07,237.36000061035156,237.77000427246094,236.75999450683594,237.0,65103700,0,1
2017-03-08,237.33999633789062,237.63999938964844,236.39999389648438,236.55999755859375,78168800,0,1
2017-03-09,236.6999969482422,237.24000549316406,235.74000549316406,236.86000061035156,90683900,0,1
2017-03-10,237.97000122070312,238.02000427246094,236.58999633789062,237.69000244140625,81991700,0,1
2017-03-13,237.6199951171875,237.86000061035156,237.24000549316406,237.80999755859375,57256800,0,1
2017-03-14,237.17999267578125,237.24000549316406,236.19000244140625,236.89999389648438,59880800,0,1
2017-03-15,237.55999755859375,239.44000244140625,237.2899932861328,238.9499969482422,96081800,0,1
2017-03-16,239.11000061035156,239.1999969482422,238.10000610351562,238.47999572753906,78344000,0,1
2017-03-17,237.75,237.97000122070312,237.02999877929688,237.02999877929688,89002100,0,1
2017-03-20,237.02999877929688,237.36000061035156,236.32000732421875,236.77000427246094,52537000,0,1
2017-03-21,237.47000122070312,237.61000061035156,233.5800018310547,233.72999572753906,131809300,0,1
2017-03-22,233.77000427246094,234.61000061035156,233.0500030517578,234.27999877929688,97569200,0,1
2017-03-23,234.27999877929688,235.33999633789062,233.60000610351562,234.02999877929688,100410300,0,1
2017-03-24,234.3800048828125,235.0399932861328,232.9600067138672,233.86000061035156,112504900,0,1
2017-03-27,231.92999267578125,233.9199981689453,231.61000061035156,233.6199951171875,87454500,0,1
2017-03-28,233.27000427246094,235.80999755859375,233.13999938964844,235.32000732421875,93483900,0,1
2017-03-29,234.99000549316406,235.80999755859375,234.72999572753906,235.5399932861328,61950400,0,1
2017-03-30,235.47000122070312,236.52000427246094,235.27000427246094,236.2899932861328,56737900,0,1
2017-03-31,235.89999389648438,236.50999450683594,235.67999267578125,235.74000549316406,73733100,0,1
2017-04-03,235.8000030517578,236.02999877929688,233.91000366210938,235.3300018310547,85546500,0,1
2017-04-04,235.0,235.5800018310547,234.55999755859375,235.47999572753906,56466200,0,1
2017-04-05,236.25999450683594,237.38999938964844,234.5399932861328,234.77999877929688,108800600,0,1
2017-04-06,234.94000244140625,236.0399932861328,234.42999267578125,235.44000244140625,69135800,0,1
2017-04-07,235.14999389648438,236.0,234.63999938964844,235.1999969482422,74412300,0,1
2017-04-10,235.36000061035156,236.25999450683594,234.72999572753906,235.33999633789062,67615300,0,1
2017-04-11,234.89999389648438,235.17999267578125,233.33999633789062,235.05999755859375,88045300,0,1
2017-04-12,234.74000549316406,234.9600067138672,233.77000427246094,234.02999877929688,81864400,0,1
2017-04-13,233.63999938964844,234.49000549316406,232.50999450683594,232.50999450683594,92880400,0,1
2017-04-17,233.11000061035156,234.57000732421875,232.8800048828125,234.57000732421875,68405400,0,1
2017-04-18,233.72000122070312,234.49000549316406,233.0800018310547,233.8699951171875,83225800,0,1
2017-04-19,234.52000427246094,234.9499969482422,233.17999267578125,233.44000244140625,68699900,0,1
2017-04-20,234.14999389648438,235.85000610351562,233.77999877929688,235.33999633789062,92572200,0,1
2017-04-21,235.25,235.30999755859375,234.1300048828125,234.58999633789062,110389800,0,1
2017-04-24,237.17999267578125,237.41000366210938,234.55999755859375,237.1699981689453,119209900,0,1
2017-04-25,237.91000366210938,238.9499969482422,237.80999755859375,238.5500030517578,76698300,0,1
2017-04-26,238.50999450683594,239.52999877929688,238.35000610351562,238.39999389648438,84702500,0,1
2017-04-27,238.77000427246094,238.9499969482422,237.97999572753906,238.60000610351562,57410300,0,1
2017-04-28,238.89999389648438,238.92999267578125,237.92999267578125,238.0800018310547,63532800,0,1
2017-05-01,238.67999267578125,239.1699981689453,238.1999969482422,238.67999267578125,66882500,0,1
2017-05-02,238.83999633789062,238.97999572753906,238.3000030517578,238.77000427246094,57375700,0,1
2017-05-03,238.77000427246094,238.8800048828125,237.6999969482422,238.47999572753906,73137700,0,1
2017-05-04,238.8300018310547,238.9199981689453,237.77999877929688,238.75999450683594,61462700,0,1
2017-05-05,239.19000244140625,239.72000122070312,238.67999267578125,239.6999969482422,62001300,0,1
2017-05-08,239.75,239.9199981689453,239.1699981689453,239.66000366210938,48385700,0,1
2017-05-09,239.9600067138672,240.19000244140625,239.0399932861328,239.44000244140625,51363200,0,1
2017-05-10,239.38999938964844,239.8699951171875,239.14999389648438,239.8699951171875,54293800,0,1
2017-05-11,239.35000610351562,239.57000732421875,238.1300048828125,239.3800048828125,62358300,0,1
2017-05-12,239.08999633789062,239.42999267578125,238.6699981689453,238.97999572753906,53912700,0,1
2017-05-15,239.47000122070312,240.44000244140625,239.4499969482422,240.3000030517578,61918900,0,1
2017-05-16,240.63999938964844,240.6699981689453,239.6300048828125,240.0800018310547,51241800,0,1
2017-05-17,240.0800018310547,240.0800018310547,235.75,235.82000732421875,172174100,0,1
2017-05-18,235.72999572753906,237.75,235.42999267578125,236.77000427246094,107047700,0,1
2017-05-19,237.3300018310547,239.0800018310547,237.27000427246094,238.30999755859375,115011400,0,1
2017-05-22,238.89999389648438,239.7100067138672,238.82000732421875,239.52000427246094,61010600,0,1
2017-05-23,239.9499969482422,240.24000549316406,239.50999450683594,240.0500030517578,48341700,0,1
2017-05-24,240.32000732421875,240.72999572753906,239.92999267578125,240.61000061035156,46927700,0,1
2017-05-25,241.1999969482422,242.0800018310547,240.9600067138672,241.75999450683594,64071700,0,1
2017-05-26,241.5399932861328,241.89999389648438,241.4499969482422,241.7100067138672,46629900,0,1
2017-05-30,241.33999633789062,241.7899932861328,241.16000366210938,241.5,35201900,0,1
2017-05-31,241.83999633789062,241.8800048828125,240.63999938964844,241.44000244140625,91796000,0,1
2017-06-01,241.97000122070312,243.3800048828125,241.63999938964844,243.36000061035156,68962000,0,1
2017-06-02,243.4199981689453,244.35000610351562,243.0800018310547,244.1699981689453,88666100,0,1
2017-06-05,243.97000122070312,244.3000030517578,243.75999450683594,243.99000549316406,44698800,0,1
2017-06-06,243.33999633789062,243.97999572753906,243.1199951171875,243.2100067138672,50375400,0,1
2017-06-07,243.60000610351562,243.9199981689453,242.8300018310547,243.66000366210938,54144300,0,1
2017-06-08,243.77000427246094,244.3300018310547,243.1699981689453,243.77999877929688,65950700,0,1
2017-06-09,244.08999633789062,245.00999450683594,241.9499969482422,243.41000366210938,132256400,0,1
2017-06-12,243.1300048828125,243.4199981689453,242.3800048828125,243.36000061035156,86108100,0,1
2017-06-13,243.97999572753906,244.61000061035156,243.5800018310547,244.5500030517578,60067000,0,1
2017-06-14,244.86000061035156,244.8699951171875,243.2899932861328,244.24000549316406,78602300,0,1
2017-06-15,242.67999267578125,243.91000366210938,242.36000061035156,243.77000427246094,66464900,0,1
2017-06-16,242.77000427246094,242.8300018310547,241.6300048828125,242.63999938964844,84553100,0,1
2017-06-19,243.58999633789062,244.72999572753906,243.47999572753906,244.66000366210938,65123800,0,1
2017-06-20,244.25,244.25999450683594,242.99000549316406,243.00999450683594,56906400,0,1
2017-06-21,243.4600067138672,243.58999633789062,242.41000366210938,242.9499969482422,55977600,0,1
2017-06-22,242.9600067138672,243.52999877929688,242.63999938964844,242.83999633789062,44148100,0,1
2017-06-23,242.91000366210938,243.50999450683594,242.47000122070312,243.1300048828125,66986800,0,1
2017-06-26,243.89999389648438,244.3800048828125,243.0500030517578,243.2899932861328,56700500,0,1
2017-06-27,243.0399932861328,243.3800048828125,241.30999755859375,241.3300018310547,82247700,0,1
2017-06-28,242.5,243.72000122070312,242.22999572753906,243.49000549316406,70042600,0,1
2017-06-29,243.66000366210938,243.72000122070312,239.9600067138672,241.35000610351562,106949700,0,1
2017-06-30,242.27999877929688,242.7100067138672,241.5800018310547,241.8000030517578,86820700,0,1
2017-07-03,242.8800048828125,243.3800048828125,242.2100067138672,242.2100067138672,39153800,0,1
2017-07-05,242.6300048828125,243.00999450683594,241.6999969482422,242.77000427246094,54427600,0,1
2017-07-06,241.88999938964844,242.02999877929688,240.33999633789062,240.5500030517578,65400800,0,1
2017-07-07,241.2100067138672,242.27999877929688,240.55999755859375,242.11000061035156,57972300,0,1
2017-07-10,242.11000061035156,242.8000030517578,241.75999450683594,242.3699951171875,36663300,0,1
2017-07-11,242.3699951171875,242.5500030517578,240.85000610351562,242.19000244140625,50354600,0,1
2017-07-12,243.3000030517578,244.1999969482422,243.3000030517578,244.00999450683594,59610400,0,1
2017-07-13,244.02000427246094,244.5500030517578,243.75999450683594,244.4199981689453,39471600,0,1
2017-07-14,244.4199981689453,245.97000122070312,244.30999755859375,245.55999755859375,60262700,0,1
2017-07-17,245.47000122070312,245.91000366210938,245.3300018310547,245.52999877929688,33531900,0,1
2017-07-18,245.05999755859375,245.72000122070312,244.6699981689453,245.66000366210938,42742500,0,1
2017-07-19,246.02000427246094,247.0,246.00999450683594,246.99000549316406,51034300,0,1
2017-07-20,247.27999877929688,247.4199981689453,246.47000122070312,247.10000610351562,47135200,0,1
2017-07-21,246.44000244140625,246.91000366210938,246.17999267578125,246.8800048828125,82340800,0,1
2017-07-24,246.7899932861328,246.97999572753906,246.27999877929688,246.82000732421875,46622300,0,1
2017-07-25,247.67999267578125,247.8000030517578,247.16000366210938,247.4199981689453,54915600,0,1
2017-07-26,247.75,247.7899932861328,247.1300048828125,247.42999267578125,47575400,0,1
2017-07-27,247.9600067138672,248.0,245.67999267578125,247.1999969482422,70766600,0,1
2017-07-28,246.64999389648438,247.05999755859375,246.1300048828125,246.91000366210938,50088400,0,1
2017-07-31,247.3699951171875,247.47999572753906,246.52999877929688,246.77000427246094,65838700,0,1
2017-08-01,247.4600067138672,247.5,246.72000122070312,247.32000732421875,55050400,0,1
2017-08-02,247.47000122070312,247.60000610351562,246.3699951171875,247.44000244140625,47211200,0,1
2017-08-03,247.30999755859375,247.33999633789062,246.63999938964844,246.9600067138672,40856000,0,1
2017-08-04,247.52000427246094,247.7899932861328,246.97000122070312,247.41000366210938,60191800,0,1
2017-08-07,247.49000549316406,247.8699951171875,247.3699951171875,247.8699951171875,31995000,0,1
2017-08-08,247.50999450683594,248.91000366210938,246.8300018310547,247.25999450683594,61719400,0,1
2017-08-09,246.47000122070312,247.30999755859375,246.05999755859375,247.25,62632600,0,1
2017-08-10,246.2899932861328,246.44000244140625,243.6999969482422,243.75999450683594,120479500,0,1
2017-08-11,244.02000427246094,244.8000030517578,243.75,244.1199951171875,74869900,0,1
2017-08-14,245.58999633789062,246.7899932861328,245.5500030517578,246.5399932861328,73291900,0,1
2017-08-15,246.97999572753906,247.0,246.16000366210938,246.50999450683594,55242700,0,1
2017-08-16,247.11000061035156,247.57000732421875,246.4499969482422,246.94000244140625,56715500,0,1
2017-08-17,246.24000549316406,246.60000610351562,243.08999633789062,243.08999633789062,128490400,0,1
2017-08-18,242.89999389648438,244.19000244140625,242.1999969482422,242.7100067138672,136748000,0,1
2017-08-21,242.63999938964844,243.1999969482422,241.8300018310547,242.89999389648438,65469700,0,1
2017-08-22,243.57000732421875,245.6199951171875,243.5500030517578,245.44000244140625,63140100,0,1
2017-08-23,244.3300018310547,245.0500030517578,244.16000366210938,244.55999755859375,50203800,0,1
2017-08-24,245.0,245.17999267578125,243.75,243.99000549316406,50741700,0,1
2017-08-25,244.89999389648438,245.61000061035156,244.38999938964844,244.55999755859375,64445900,0,1
2017-08-28,245.1699981689453,245.1999969482422,244.08999633789062,244.57000732421875,40565600,0,1
2017-08-29,243.05999755859375,245.14999389648438,242.92999267578125,244.85000610351562,51135700,0,1
2017-08-30,244.8300018310547,246.32000732421875,244.6199951171875,246.00999450683594,62030800,0,1
2017-08-31,246.72000122070312,247.77000427246094,246.0500030517578,247.49000549316406,103803900,0,1
2017-09-01,247.9199981689453,248.3300018310547,247.6699981689453,247.83999633789062,62007000,0,1
2017-09-05,247.25999450683594,247.52000427246094,244.9499969482422,246.05999755859375,91398800,0,1
2017-09-06,246.83999633789062,247.27999877929688,246.22999572753906,246.89999389648438,57916900,0,1
2017-09-07,247.25,247.27000427246094,246.39999389648438,246.8699951171875,58034700,0,1
2017-09-08,246.5399932861328,247.11000061035156,246.3000030517578,246.5800018310547,63832800,0,1
2017-09-11,248.0399932861328,249.3000030517578,248.02000427246094,249.2100067138672,71364800,0,1
2017-09-12,249.6300048828125,250.08999633789062,249.4199981689453,250.0500030517578,56896000,0,1
2017-09-13,249.72000122070312,250.2100067138672,249.58999633789062,250.1699981689453,59228000,0,1
2017-09-14,249.8000030517578,250.32000732421875,249.60000610351562,250.08999633789062,95446300,0,1
2017-09-15,248.69000244140625,249.2899932861328,248.57000732421875,249.19000244140625,95432400,0,1
2017-09-18,249.61000061035156,250.1199951171875,249.27999877929688,249.72000122070312,46235200,0,1
2017-09-19,250.0,250.07000732421875,249.60000610351562,249.97000122070312,47108100,0,1
2017-09-20,250.07000732421875,250.19000244140625,248.9199981689453,250.05999755859375,59574100,0,1
2017-09-21,249.8800048828125,249.97999572753906,249.19000244140625,249.38999938964844,48211400,0,1
2017-09-22,249.0500030517578,249.6300048828125,249.02000427246094,249.44000244140625,51214000,0,1
2017-09-25,249.14999389648438,249.5500030517578,248.0800018310547,248.92999267578125,57064400,0,1
2017-09-26,249.4199981689453,249.6999969482422,248.80999755859375,249.0800018310547,54082000,0,1
2017-09-27,249.8800048828125,250.49000549316406,248.8699951171875,250.0500030517578,81001400,0,1
2017-09-28,249.72999572753906,250.44000244140625,249.6300048828125,250.35000610351562,44778800,0,1
2017-09-29,250.33999633789062,251.32000732421875,250.1300048828125,251.22999572753906,85578000,0,1
2017-10-02,251.49000549316406,252.32000732421875,251.2899932861328,252.32000732421875,59023000,0,1
2017-10-03,252.32000732421875,252.88999938964844,252.22999572753906,252.86000061035156,66810200,0,1
2017-10-04,252.69000244140625,253.44000244140625,252.55999755859375,253.16000366210938,55953600,0,1
2017-10-05,253.5399932861328,254.67999267578125,253.1999969482422,254.66000366210938,63522800,0,1
2017-10-06,254.14999389648438,254.6999969482422,253.85000610351562,254.3699951171875,80646000,0,1
2017-10-09,254.6300048828125,254.6999969482422,253.64999389648438,253.9499969482422,35803100,0,1
2017-10-10,254.60000610351562,255.0500030517578,253.97999572753906,254.6199951171875,43057400,0,1
2017-10-11,254.50999450683594,255.02000427246094,254.32000732421875,255.02000427246094,47674300,0,1
2017-10-12,254.66000366210938,255.05999755859375,254.3699951171875,254.63999938964844,47065100,0,1
2017-10-13,255.13999938964844,255.27000427246094,254.63999938964844,254.9499969482422,54800400,0,1
2017-10-16,255.2100067138672,255.50999450683594,254.82000732421875,255.2899932861328,38221700,0,1
2017-10-17,255.22999572753906,255.52000427246094,254.97999572753906,255.47000122070312,31561000,0,1
2017-10-18,255.89999389648438,255.9499969482422,255.5,255.72000122070312,40888300,0,1
2017-10-19,254.8300018310547,255.8300018310547,254.35000610351562,255.7899932861328,61903800,0,1
2017-10-20,256.70001220703125,257.1400146484375,255.77000427246094,257.1099853515625,89176400,0,1
2017-10-23,257.4800109863281,257.510009765625,256.0199890136719,256.1099853515625,63915300,0,1
2017-10-24,256.6000061035156,256.8299865722656,256.1499938964844,256.55999755859375,66935900,0,1
2017-10-25,256.17999267578125,256.30999755859375,254.0,255.2899932861328,103715300,0,1
2017-10-26,255.99000549316406,256.29998779296875,255.47999572753906,255.6199951171875,69798000,0,1
2017-10-27,256.4700012207031,257.8900146484375,255.6300048828125,257.7099914550781,85562500,0,1
2017-10-30,256.4700012207031,257.6000061035156,256.4100036621094,256.75,54285700,0,1
2017-10-31,257.17999267578125,257.44000244140625,256.80999755859375,257.1499938964844,60304800,0,1
2017-11-01,258.0400085449219,258.42999267578125,257.07000732421875,257.489990234375,54202700,0,1
2017-11-02,257.4100036621094,257.75,256.19000244140625,257.5899963378906,56449500,0,1
2017-11-03,257.7699890136719,258.5,257.29998779296875,258.45001220703125,59589700,0,1
2017-11-06,258.29998779296875,259.0,258.2200012207031,258.8500061035156,49652600,0,1
2017-11-07,258.9700012207031,259.3500061035156,258.0899963378906,258.6700134277344,57502200,0,1
2017-11-08,258.4700012207031,259.2200012207031,258.1499938964844,259.1099853515625,50469600,0,1
2017-11-09,257.7300109863281,258.3900146484375,256.3599853515625,258.1700134277344,95085500,0,1
2017-11-10,257.7300109863281,258.2900085449219,257.3699951171875,258.0899963378906,59984700,0,1
2017-11-13,257.30999755859375,258.5899963378906,257.2699890136719,258.3299865722656,50228600,0,1
2017-11-14,257.4100036621094,257.8500061035156,256.5199890136719,257.7300109863281,61315200,0,1
2017-11-15,256.6199951171875,257.2200012207031,255.6300048828125,256.44000244140625,80811500,0,1
2017-11-16,257.5199890136719,259.0400085449219,257.4700012207031,258.6199951171875,67777000,0,1
2017-11-17,258.2200012207031,258.5899963378906,257.7699890136719,257.8599853515625,75756800,0,1
2017-11-20,258.1400146484375,258.5199890136719,257.8599853515625,258.29998779296875,48075500,0,1
2017-11-21,259.17999267578125,260.20001220703125,258.260009765625,259.989990234375,69176800,0,1
2017-11-22,260.0,260.1499938964844,259.57000732421875,259.760009765625,45033400,0,1
2017-11-24,260.32000732421875,260.4800109863281,260.1600036621094,260.3599853515625,27856500,0,1
2017-11-27,260.4100036621094,260.75,260.0,260.2300109863281,52274900,0,1
2017-11-28,260.760009765625,262.8999938964844,260.6499938964844,262.8699951171875,98971700,0,1
2017-11-29,263.0199890136719,263.6300048828125,262.20001220703125,262.7099914550781,77512100,0,1
2017-11-30,263.760009765625,266.04998779296875,263.6700134277344,265.010009765625,127894400,0,1
2017-12-01,264.760009765625,265.30999755859375,260.760009765625,264.4599914550781,164390900,0,1
2017-12-04,266.30999755859375,266.79998779296875,264.0799865722656,264.1400146484375,94040600,0,1
2017-12-05,263.19000244140625,265.1499938964844,263.0400085449219,263.19000244140625,77994500,0,1
2017-12-06,263.29998779296875,263.7300109863281,262.7099914550781,263.239990234375,75898600,0,1
2017-12-07,264.07000732421875,264.42999267578125,262.94000244140625,264.07000732421875,77218600,0,1
2017-12-08,265.1600036621094,265.5199890136719,264.0299987792969,265.510009765625,76563900,0,1
2017-12-11,266.30999755859375,266.3800048828125,265.4800109863281,266.30999755859375,83077500,0,1
2017-12-12,267.2099914550781,267.32000732421875,266.3500061035156,266.7799987792969,85195800,0,1
2017-12-13,267.05999755859375,267.55999755859375,266.6499938964844,266.75,102905400,0,1
2017-12-14,267.0899963378906,267.2200012207031,265.6000061035156,265.6600036621094,100666700,0,1
2017-12-15,265.45001220703125,267.0400085449219,265.3900146484375,266.510009765625,144610300,0,1
2017-12-18,268.1000061035156,268.6000061035156,267.9800109863281,268.20001220703125,83653600,0,1
2017-12-19,268.4800109863281,268.5299987792969,267.0899963378906,267.1700134277344,82382900,0,1
2017-12-20,268.2699890136719,268.3299865722656,266.69000244140625,267.0299987792969,76751500,0,1
2017-12-21,267.739990234375,268.3900146484375,267.29998779296875,267.5799865722656,67032300,0,1
2017-12-22,267.6000061035156,267.6400146484375,266.8999938964844,267.510009765625,78720900,0,1
2017-12-26,267.04998779296875,267.44000244140625,266.8900146484375,267.19000244140625,45244400,0,1
2017-12-27,267.3800048828125,267.7300109863281,267.010009765625,267.32000732421875,57751000,0,1
2017-12-28,267.8900146484375,267.9200134277344,267.45001220703125,267.8699951171875,45116100,0,1
2017-12-29,268.5299987792969,268.54998779296875,266.6400146484375,266.8599853515625,96007400,0,1
2018-01-02,267.8399963378906,268.80999755859375,267.3999938964844,268.7699890136719,86655700,0,1
2018-01-03,268.9599914550781,270.6400146484375,268.9599914550781,270.4700012207031,90070400,0,1
2018-01-04,271.20001220703125,272.1600036621094,270.5400085449219,271.6099853515625,80636400,0,1
2018-01-05,272.510009765625,273.55999755859375,271.95001220703125,273.4200134277344,83524000,0,1
2018-01-08,273.30999755859375,274.1000061035156,272.9800109863281,273.9200134277344,57319200,0,1
2018-01-09,274.3999938964844,275.25,274.0799865722656,274.5400085449219,57254000,0,1
2018-01-10,273.67999267578125,274.4200134277344,272.9200134277344,274.1199951171875,69574300,0,1
2018-01-11,274.75,276.1199951171875,274.55999755859375,276.1199951171875,62361500,0,1
2018-01-12,276.4200134277344,278.1099853515625,276.0799865722656,277.9200134277344,90816100,0,1
2018-01-16,279.3500061035156,280.0899963378906,276.17999267578125,276.9700012207031,106555100,0,1
2018-01-17,278.0299987792969,280.04998779296875,276.9700012207031,279.6099853515625,113258800,0,1
2018-01-18,279.4800109863281,279.9599914550781,278.5799865722656,279.1400146484375,100728000,0,1
2018-01-19,279.79998779296875,280.4100036621094,279.1400146484375,280.4100036621094,140920100,0,1
2018-01-22,280.1700134277344,282.69000244140625,280.1099853515625,282.69000244140625,91322400,0,1
2018-01-23,282.739990234375,283.6199951171875,282.3699951171875,283.2900085449219,97084700,0,1
2018-01-24,284.0199890136719,284.70001220703125,281.8399963378906,283.17999267578125,134816100,0,1
2018-01-25,284.1600036621094,284.2699890136719,282.3999938964844,283.29998779296875,84587300,0,1
2018-01-26,284.25,286.6300048828125,283.9599914550781,286.5799865722656,107743100,0,1
2018-01-29,285.92999267578125,286.42999267578125,284.5,284.67999267578125,90118300,0,1
2018-01-30,282.6000061035156,284.739990234375,281.2200012207031,281.760009765625,131796400,0,1
2018-01-31,282.7300109863281,283.29998779296875,280.67999267578125,281.8999938964844,108364800,0,1
2018-02-01,281.07000732421875,283.05999755859375,280.67999267578125,281.5799865722656,90102500,0,1
2018-02-02,280.0799865722656,280.2300109863281,275.4100036621094,275.45001220703125,173174800,0,1
2018-02-05,273.45001220703125,275.8500061035156,263.30999755859375,263.92999267578125,294681800,0,1
2018-02-06,259.94000244140625,269.70001220703125,258.70001220703125,269.1300048828125,355026800,0,1
2018-02-07,268.5,272.3599853515625,267.5799865722656,267.6700134277344,167376100,0,1
2018-02-08,268.010009765625,268.1700134277344,257.5899963378906,257.6300048828125,246449500,0,1
2018-02-09,260.79998779296875,263.6099853515625,252.9199981689453,261.5,283565300,0,1
2018-02-12,263.8299865722656,267.010009765625,261.6600036621094,265.3399963378906,143736000,0,1
2018-02-13,263.9700012207031,266.6199951171875,263.30999755859375,266.0,81223600,0,1
2018-02-14,264.30999755859375,270.0,264.29998779296875,269.5899963378906,120735700,0,1
2018-02-15,271.57000732421875,273.0400085449219,268.7699890136719,273.0299987792969,111200300,0,1
2018-02-16,272.32000732421875,275.32000732421875,272.2699890136719,273.1099853515625,160420100,0,1
2018-02-20,272.0299987792969,273.6700134277344,270.5,271.3999938964844,86369700,0,1
2018-02-21,271.8999938964844,274.7200012207031,269.94000244140625,270.04998779296875,98883700,0,1
2018-02-22,271.1000061035156,273.04998779296875,269.6400146484375,270.3999938964844,110511300,0,1
2018-02-23,271.7900085449219,274.7099914550781,271.25,274.7099914550781,92766400,0,1
2018-02-26,275.92999267578125,278.010009765625,275.260009765625,277.8999938964844,86491400,0,1
2018-02-27,278.1099853515625,278.9200134277344,274.3599853515625,274.42999267578125,99099200,0,1
2018-02-28,275.67999267578125,276.19000244140625,271.2900085449219,271.6499938964844,121907800,0,1
2018-03-01,271.4100036621094,273.1700134277344,266.0,267.70001220703125,176855100,0,1
2018-03-02,265.79998779296875,269.7200012207031,264.82000732421875,269.0799865722656,139083200,0,1
2018-03-05,267.7300109863281,272.8900146484375,267.6099853515625,272.19000244140625,97307400,0,1
2018-03-06,273.29998779296875,273.3900146484375,271.17999267578125,272.8800048828125,79213200,0,1
2018-03-07,270.4200134277344,273.17999267578125,270.20001220703125,272.7799987792969,87063500,0,1
2018-03-08,273.54998779296875,274.239990234375,272.4200134277344,274.1000061035156,66901200,0,1
2018-03-09,275.70001220703125,278.8699951171875,275.3399963378906,278.8699951171875,113625300,0,1
2018-03-12,279.20001220703125,279.9100036621094,278.0799865722656,278.5199890136719,71924800,0,1
2018-03-13,279.8399963378906,280.4100036621094,276.0299987792969,276.7200012207031,91968900,0,1
2018-03-14,277.80999755859375,278.0199890136719,274.6700134277344,275.29998779296875,105895100,0,1
2018-03-15,275.8800048828125,276.6099853515625,274.42999267578125,275.0,83433000,0,1
2018-03-16,274.5,275.3900146484375,274.1400146484375,274.20001220703125,100343700,0,1
2018-03-19,273.3500061035156,274.3999938964844,268.6199951171875,270.489990234375,109208400,0,1
2018-03-20,270.94000244140625,271.6700134277344,270.17999267578125,270.95001220703125,59757300,0,1
2018-03-21,270.8999938964844,273.2699890136719,270.19000244140625,270.42999267578125,78709600,0,1
2018-03-22,267.9100036621094,268.8699951171875,263.3599853515625,263.6700134277344,148785900,0,1
2018-03-23,264.1700134277344,264.5400085449219,257.8299865722656,258.04998779296875,183534800,0,1
2018-03-26,262.1300048828125,265.42999267578125,259.4100036621094,265.1099853515625,141956100,0,1
2018-03-27,266.1700134277344,266.7699890136719,258.8399963378906,260.6000061035156,129941400,0,1
2018-03-28,260.75,262.6400146484375,258.5799865722656,259.8299865722656,146452300,0,1
2018-03-29,261.1199951171875,265.260009765625,259.8399963378906,263.1499938964844,111601600,0,1
2018-04-02,262.54998779296875,263.1300048828125,254.6699981689453,257.4700012207031,186286300,0,1
2018-04-03,258.8699951171875,261.30999755859375,256.8399963378906,260.7699890136719,119956900,0,1
2018-04-04,256.75,264.3599853515625,256.6000061035156,263.55999755859375,123715300,0,1
2018-04-05,265.54998779296875,266.6400146484375,264.32000732421875,265.6400146484375,82652600,0,1
2018-04-06,263.4200134277344,265.1099853515625,258.0,259.7200012207031,179521200,0,1
2018-04-09,261.3699951171875,264.8399963378906,259.94000244140625,261.0,105442900,0,1
2018-04-10,264.2699890136719,266.0400085449219,262.9800109863281,265.1499938964844,103529000,0,1
2018-04-11,263.4700012207031,265.6400146484375,263.3900146484375,263.760009765625,91140200,0,1
2018-04-12,265.260009765625,267.0,265.05999755859375,265.92999267578125,68890500,0,1
2018-04-13,267.4100036621094,267.5400085449219,264.010009765625,265.1499938964844,85079200,0,1
2018-04-16,267.0,268.20001220703125,266.07000732421875,267.3299865722656,63405300,0,1
2018-04-17,269.3299865722656,270.8699951171875,268.75,270.19000244140625,64682000,0,1
2018-04-18,270.69000244140625,271.29998779296875,269.8699951171875,270.3900146484375,57303900,0,1
2018-04-19,269.6499938964844,269.8800048828125,267.7200012207031,268.8900146484375,77655900,0,1
2018-04-20,268.80999755859375,269.05999755859375,265.6099853515625,266.6099853515625,99953100,0,1
2018-04-23,267.260009765625,267.8900146484375,265.3500061035156,266.57000732421875,65558000,0,1
2018-04-24,267.7300109863281,267.9800109863281,261.2799987792969,262.9800109863281,112885500,0,1
2018-04-25,262.9100036621094,264.1300048828125,260.8500061035156,263.6300048828125,103840900,0,1
2018-04-26,264.7900085449219,267.25,264.2900085449219,266.30999755859375,67731900,0,1
2018-04-27,267.0,267.3399963378906,265.5,266.55999755859375,57053600,0,1
2018-04-30,267.260009765625,267.8900146484375,264.42999267578125,264.510009765625,82182300,0,1
2018-05-01,263.8699951171875,265.1000061035156,262.1099853515625,264.9800109863281,74203400,0,1
2018-05-02,264.760009765625,265.67999267578125,262.760009765625,263.20001220703125,86368900,0,1
2018-05-03,262.260009765625,263.3599853515625,259.04998779296875,262.6199951171875,136311500,0,1
2018-05-04,261.5199890136719,266.7900085449219,261.1499938964844,266.0199890136719,91222100,0,1
2018-05-07,266.8900146484375,268.0199890136719,266.1099853515625,266.9200134277344,55304900,0,1
2018-05-08,266.5,267.3299865722656,265.1499938964844,266.9200134277344,67499200,0,1
2018-05-09,267.67999267578125,269.8699951171875,267.0899963378906,269.5,59666100,0,1
2018-05-10,270.3399963378906,272.3900146484375,270.2200012207031,272.0199890136719,72063900,0,1
2018-05-11,272.1600036621094,273.1499938964844,271.5799865722656,272.8500061035156,59871500,0,1
2018-05-14,273.3399963378906,274.0799865722656,272.3599853515625,272.9800109863281,54790600,0,1
2018-05-15,271.5899963378906,271.6099853515625,270.0299987792969,271.1000061035156,87036100,0,1
2018-05-16,271.1400146484375,272.760009765625,271.1099853515625,272.239990234375,53942600,0,1
2018-05-17,271.94000244140625,273.2300109863281,271.1300048828125,272.010009765625,56536400,0,1
2018-05-18,271.6199951171875,272.0299987792969,270.92999267578125,271.3299865722656,64368000,0,1
2018-05-21,273.010009765625,273.9800109863281,272.57000732421875,273.3699951171875,58025900,0,1
2018-05-22,273.9599914550781,274.25,272.239990234375,272.6099853515625,52966400,0,1
2018-05-23,271.1700134277344,273.3900146484375,270.989990234375,273.3599853515625,64694200,0,1
2018-05-24,272.9100036621094,273.2200012207031,270.7799987792969,272.79998779296875,76043800,0,1
2018-05-25,272.1499938964844,272.8599853515625,271.5799865722656,272.1499938964844,56374800,0,1
2018-05-29,270.30999755859375,271.1700134277344,267.760009765625,269.0199890136719,115908600,0,1
2018-05-30,270.5,273.1099853515625,270.4200134277344,272.6099853515625,69678400,0,1
2018-05-31,272.1499938964844,272.489990234375,270.260009765625,270.94000244140625,93519900,0,1
2018-06-01,272.4100036621094,273.94000244140625,272.3299865722656,273.6000061035156,71258400,0,1
2018-06-04,274.5299987792969,275.19000244140625,274.260009765625,274.8999938964844,45385200,0,1
2018-06-05,275.04998779296875,275.5299987792969,274.17999267578125,275.1000061035156,51135000,0,1
2018-06-06,275.7900085449219,277.5199890136719,275.0899963378906,277.3999938964844,62732200,0,1
2018-06-07,277.95001220703125,278.2799987792969,276.3399963378906,277.3699951171875,72969400,0,1
2018-06-08,276.8500061035156,278.25,276.6600036621094,278.19000244140625,72139700,0,1
2018-06-11,278.44000244140625,279.3699951171875,278.30999755859375,278.55999755859375,58892500,0,1
2018-06-12,279.0299987792969,279.3299865722656,278.19000244140625,278.9200134277344,72329000,0,1
2018-06-13,279.19000244140625,279.4800109863281,277.79998779296875,278.0299987792969,79070600,0,1
2018-06-14,279.010009765625,279.3299865722656,278.05999755859375,278.7300109863281,77097600,0,1
2018-06-15,276.6000061035156,277.510009765625,275.3500061035156,277.1300048828125,120041600,0,1
2018-06-18,275.489990234375,276.70001220703125,274.95001220703125,276.55999755859375,52917600,0,1
2018-06-19,274.0,275.75,273.5299987792969,275.5,97531500,0,1
2018-06-20,276.2699890136719,276.7200012207031,275.5899963378906,275.9700012207031,53785500,0,1
2018-06-21,275.9599914550781,275.9800109863281,273.67999267578125,274.239990234375,71061400,0,1
2018-06-22,275.6600036621094,275.7900085449219,274.489990234375,274.739990234375,54898500,0,1
2018-06-25,273.44000244140625,273.6199951171875,269.1000061035156,271.0,137854200,0,1
2018-06-26,271.6400146484375,272.55999755859375,270.7900085449219,271.6000061035156,68547400,0,1
2018-06-27,272.260009765625,273.8699951171875,269.17999267578125,269.3500061035156,105110700,0,1
2018-06-28,269.2900085449219,271.75,268.489990234375,270.8900146484375,76650500,0,1
2018-06-29,272.1199951171875,273.6600036621094,271.1499938964844,271.2799987792969,97592500,0,1
2018-07-02,269.510009765625,272.0400085449219,269.239990234375,271.8599853515625,63554800,0,1
2018-07-03,272.8699951171875,272.9800109863281,270.4200134277344,270.8999938964844,42187100,0,1
2018-07-05,272.1700134277344,273.17999267578125,270.9599914550781,273.1099853515625,56925900,0,1
2018-07-06,273.1400146484375,275.8399963378906,272.7099914550781,275.4200134277344,66493700,0,1
2018-07-09,276.54998779296875,277.9599914550781,276.5,277.8999938964844,50550400,0,1
2018-07-10,278.4100036621094,279.010009765625,278.0799865722656,278.8999938964844,51966800,0,1
2018-07-11,277.1499938964844,278.0400085449219,276.5199890136719,276.8599853515625,77054700,0,1
2018-07-12,278.2799987792969,279.42999267578125,277.6000061035156,279.3699951171875,60124700,0,1
2018-07-13,279.1700134277344,279.92999267578125,278.6600036621094,279.5899963378906,48216000,0,1
2018-07-16,279.6400146484375,279.79998779296875,278.8399963378906,279.3399963378906,48201000,0,1
2018-07-17,278.4700012207031,280.9100036621094,278.4100036621094,280.4700012207031,52315500,0,1
2018-07-18,280.55999755859375,281.17999267578125,280.05999755859375,281.05999755859375,44593500,0,1
2018-07-19,280.30999755859375,280.739990234375,279.4599914550781,280.0,61412100,0,1
2018-07-20,279.7699890136719,280.4800109863281,279.5,279.67999267578125,82337700,0,1
2018-07-23,279.45001220703125,280.42999267578125,279.05999755859375,280.20001220703125,47047600,0,1
2018-07-24,281.7900085449219,282.55999755859375,280.6300048828125,281.6099853515625,68026900,0,1
2018-07-25,281.3299865722656,284.3699951171875,281.2799987792969,284.010009765625,78882900,0,1
2018-07-26,283.20001220703125,284.1099853515625,283.0899963378906,283.3399963378906,57919500,0,1
2018-07-27,283.7099914550781,283.82000732421875,280.3800048828125,281.4200134277344,76768700,0,1
2018-07-30,281.510009765625,281.69000244140625,279.3599853515625,279.95001220703125,63742500,0,1
2018-07-31,280.80999755859375,282.0199890136719,280.3800048828125,281.3299865722656,68570500,0,1
2018-08-01,281.55999755859375,282.1300048828125,280.1300048828125,280.8599853515625,53853300,0,1
2018-08-02,279.3900146484375,282.5799865722656,279.1600036621094,282.3900146484375,63426400,0,1
2018-08-03,282.5299987792969,283.6600036621094,282.3299865722656,283.6000061035156,53935400,0,1
2018-08-06,283.6400146484375,284.989990234375,283.20001220703125,284.6400146484375,39400900,0,1
2018-08-07,285.3900146484375,286.010009765625,285.239990234375,285.5799865722656,43196600,0,1
2018-08-08,285.3900146484375,285.9100036621094,284.94000244140625,285.4599914550781,42114600,0,1
2018-08-09,285.5299987792969,285.9700012207031,284.9200134277344,285.07000732421875,35717000,0,1
2018-08-10,283.45001220703125,284.05999755859375,282.3599853515625,283.1600036621094,77076000,0,1
2018-08-13,283.4700012207031,284.1600036621094,281.7699890136719,282.1000061035156,65732900,0,1
2018-08-14,282.9200134277344,284.1700134277344,282.4800109863281,283.8999938964844,43842000,0,1
2018-08-15,282.3800048828125,282.5400085449219,280.1600036621094,281.7799987792969,102925400,0,1
2018-08-16,283.3999938964844,285.0400085449219,283.3599853515625,284.05999755859375,69967900,0,1
2018-08-17,283.8299865722656,285.55999755859375,283.3699951171875,285.05999755859375,65618500,0,1
