,Benchmark (SPY),All Weather,MPT (max sharpe),MPT (min volatility)
2018-07-23 00:00:00+00:00,1.001859338,1,1,1
2018-07-24 00:00:00+00:00,1.006900718,1,0.999909875,0.999937785
2018-07-25 00:00:00+00:00,1.015482041,1,1.00951758,1.001956518
2018-07-26 00:00:00+00:00,1.013086398,1,1.008212565,1.000833365
2018-07-27 00:00:00+00:00,1.00622147,1,1.00101234,1.000170618
2018-07-30 00:00:00+00:00,1.000965459,1,0.99712909,0.998338568
2018-07-31 00:00:00+00:00,1.005899578,1,1.000302975,1.000068895
2018-08-01 00:00:00+00:00,1.004219081,0.99994063,0.996229925,0.995679685
2018-08-02 00:00:00+00:00,1.009689724,1.00249716,1.002147825,0.998082865
2018-08-03 00:00:00+00:00,1.014016067,1.006385914,1.00555058,1.000865438
2018-08-06 00:00:00+00:00,1.017734633,1.007808377,1.009509975,1.002219515
2018-08-07 00:00:00+00:00,1.021095516,1.00714659,1.01374128,1.001822568
2018-08-08 00:00:00+00:00,1.020666472,1.006694357,1.01034769,1.001500958
2018-08-09 00:00:00+00:00,1.019272078,1.009824274,1.008918075,1.003140125
2018-08-10 00:00:00+00:00,1.012442831,1.011447837,1.00394169,1.005122698
2018-08-13 00:00:00+00:00,1.008652794,1.007899948,0.99977439,1.003806428
2018-08-14 00:00:00+00:00,1.015088678,1.009026613,1.005333065,1.004466555
2018-08-15 00:00:00+00:00,1.007508603,1.006520033,0.99440399,1.003334528
2018-08-16 00:00:00+00:00,1.015660773,1.009304131,1.00220378,1.005128228
2018-08-17 00:00:00+00:00,1.019236288,1.011949457,1.006005165,1.006413005
2018-08-20 00:00:00+00:00,1.021417409,1.016201477,1.007912275,1.009230175
2018-08-21 00:00:00+00:00,1.023812943,1.01610544,1.01127424,1.009065948
2018-08-22 00:00:00+00:00,1.023205166,1.019300461,1.01457139,1.011434498
2018-08-23 00:00:00+00:00,1.021846453,1.018493047,1.012604715,1.010855275
2018-08-24 00:00:00+00:00,1.027996343,1.02307116,1.019225815,1.012789645
2018-08-27 00:00:00+00:00,1.036112723,1.02314786,1.02579449,1.012780898
2018-08-28 00:00:00+00:00,1.036613347,1.01966594,1.025393725,1.010955435
2018-08-29 00:00:00+00:00,1.042191142,1.022944823,1.03206028,1.012513118
2018-08-30 00:00:00+00:00,1.037971951,1.02232045,1.028331875,1.012952355
2018-08-31 00:00:00+00:00,1.038007742,1.02154459,1.02890178,1.013259338
2018-09-04 00:00:00+00:00,1.036219984,1.016411783,1.0264891,1.009383338
2018-09-05 00:00:00+00:00,1.033431087,1.014257166,1.023013561,1.00842122
2018-09-06 00:00:00+00:00,1.030320406,1.01482214,1.019566039,1.00901549
2018-09-07 00:00:00+00:00,1.028318127,1.010001959,1.017846652,1.005350519
2018-09-10 00:00:00+00:00,1.030105884,1.012428892,1.020211891,1.006429
2018-09-11 00:00:00+00:00,1.033502558,1.01066315,1.024506151,1.004988559
2018-09-12 00:00:00+00:00,1.03375287,1.012938641,1.02550681,1.006367409
2018-09-13 00:00:00+00:00,1.03986697,1.013979577,1.028501512,1.006483768
2018-09-14 00:00:00+00:00,1.040045811,1.011088801,1.028368519,1.004806909
2018-09-17 00:00:00+00:00,1.034539488,1.009452997,1.02255697,1.003688709
2018-09-18 00:00:00+00:00,1.040153072,1.006927456,1.02856225,1.002225689
2018-09-19 00:00:00+00:00,1.041261473,1.005141251,1.029525589,1.001419269
2018-09-20 00:00:00+00:00,1.049699636,1.009609781,1.036440349,1.002953419
2018-09-21 00:00:00+00:00,1.044014581,1.008857453,1.035853552,1.003220529
2018-09-24 00:00:00+00:00,1.040546327,1.007680434,1.03459201,1.002730408
2018-09-25 00:00:00+00:00,1.039580977,1.00725642,1.034418289,1.0020551
2018-09-26 00:00:00+00:00,1.036470296,1.008543563,1.030334941,1.0034406
2018-09-27 00:00:00+00:00,1.039366455,1.009242467,1.03305322,1.004199219
2018-09-28 00:00:00+00:00,1.039473716,1.008166749,1.030555921,1.004440679
2018-10-01 00:00:00+00:00,1.043085021,1.005582661,1.034555592,1.002666818
2018-10-02 00:00:00+00:00,1.042477135,1.008990097,1.033783108,1.004488639
2018-10-03 00:00:00+00:00,1.043049231,1.001964161,1.036400828,0.999918369
2018-10-04 00:00:00+00:00,1.034897061,0.995413006,1.027244671,0.995569525
2018-10-05 00:00:00+00:00,1.029104744,0.98983636,1.021269882,0.992380375
2018-10-08 00:00:00+00:00,1.029104744,0.987371367,1.020208208,0.992344609
2018-10-09 00:00:00+00:00,1.02760298,0.991517894,1.019772905,0.993833281
2018-10-10 00:00:00+00:00,0.995065772,0.97948211,0.989212478,0.986540419
2018-10-11 00:00:00+00:00,0.973147957,0.979113924,0.969077011,0.984418872
2018-10-12 00:00:00+00:00,0.986663399,0.981653623,0.981053235,0.986546248
2018-10-15 00:00:00+00:00,0.981121285,0.980945643,0.977711228,0.986270622
2018-10-16 00:00:00+00:00,1.002574375,0.988427107,0.996572741,0.990693115
2018-10-17 00:00:00+00:00,1.002753216,0.984946937,0.994984568,0.987957299
2018-10-18 00:00:00+00:00,0.988272315,0.979985323,0.981073512,0.985716175
2018-10-19 00:00:00+00:00,0.98773601,0.978706356,0.979760818,0.984706869
2018-10-22 00:00:00+00:00,0.983302406,0.9769661,0.976639351,0.984156335
2018-10-23 00:00:00+00:00,0.978296598,0.9755779,0.968453672,0.983506418
2018-10-24 00:00:00+00:00,0.948655657,0.969914376,0.941921198,0.981109069
2018-10-25 00:00:00+00:00,0.965675034,0.97336335,0.957468272,0.983072995
2018-10-26 00:00:00+00:00,0.948691338,0.97219003,0.944550622,0.983568258
2018-10-29 00:00:00+00:00,0.943435327,0.968684458,0.938629588,0.981829042
2018-10-30 00:00:00+00:00,0.957415604,0.970098827,0.950244318,0.982772489
2018-10-31 00:00:00+00:00,0.967641633,0.969322483,0.956665685,0.982055248
2018-11-01 00:00:00+00:00,0.977939134,0.972246948,0.964864823,0.982802552
2018-11-02 00:00:00+00:00,0.972146817,0.965367813,0.961201457,0.977811278
2018-11-05 00:00:00+00:00,0.977510089,0.968112384,0.965010383,0.979132122
2018-11-06 00:00:00+00:00,0.98369566,0.9688462,0.968894537,0.979158591
2018-11-07 00:00:00+00:00,1.004755496,0.97512033,0.984993692,0.982925415
2018-11-08 00:00:00+00:00,1.002931948,0.973704734,0.982414637,0.981160651
2018-11-09 00:00:00+00:00,0.993135072,0.972422199,0.972263267,0.981351571
2018-11-12 00:00:00+00:00,0.974578141,0.968997816,0.956273333,0.979697359
2018-11-13 00:00:00+00:00,0.972754593,0.966533083,0.950765708,0.978373695
2018-11-14 00:00:00+00:00,0.966104188,0.966183763,0.946284788,0.979025085
2018-11-15 00:00:00+00:00,0.976187057,0.969303534,0.954923252,0.981544942
2018-11-16 00:00:00+00:00,0.978725751,0.973567023,0.957612773,0.984564392
2018-11-19 00:00:00+00:00,0.9621711,0.969865343,0.943705022,0.982364352
2018-11-20 00:00:00+00:00,0.944364996,0.96277387,0.924947822,0.977111125
2018-11-21 00:00:00+00:00,0.947582937,0.964667026,0.929987153,0.978340959
2018-11-23 00:00:00+00:00,0.941254315,0.961587537,0.921360323,0.976112652
2018-11-26 00:00:00+00:00,0.956450254,0.965157106,0.934036277,0.978636168
2018-11-27 00:00:00+00:00,0.959668196,0.965391254,0.934438022,0.979380742
2018-11-28 00:00:00+00:00,0.981764852,0.970177647,0.952267193,0.983463252
2018-11-29 00:00:00+00:00,0.97961963,0.972192317,0.951731837,0.985367148
2018-11-30 00:00:00+00:00,0.985590679,0.975578967,0.956838518,0.987933518
2018-12-03 00:00:00+00:00,0.998641287,0.982921556,0.969619893,0.991521529
2018-12-04 00:00:00+00:00,0.96628292,0.980986741,0.940921613,0.989412696
2018-12-06 00:00:00+00:00,0.964816946,0.981657157,0.93987252,0.99069942
2018-12-07 00:00:00+00:00,0.942398506,0.977541362,0.920124947,0.989616984
2018-12-10 00:00:00+00:00,0.944186264,0.978142326,0.920804653,0.989379337
2018-12-11 00:00:00+00:00,0.944400786,0.977978631,0.920527343,0.987714176
2018-12-12 00:00:00+00:00,0.949156173,0.977292643,0.92548896,0.986365604
2018-12-13 00:00:00+00:00,0.94883439,0.976543617,0.92326719,0.987120566
2018-12-14 00:00:00+00:00,0.931314388,0.971870422,0.908350117,0.984637354
2018-12-17 00:00:00+00:00,0.913043504,0.968413006,0.89114147,0.982826176
2018-12-18 00:00:00+00:00,0.912042365,0.968486021,0.891078033,0.981960786
2018-12-19 00:00:00+00:00,0.898383871,0.970047629,0.878129073,0.982446889
2018-12-20 00:00:00+00:00,0.883760028,0.964552599,0.866363007,0.978461294
2018-12-21 00:00:00+00:00,0.860626442,0.958120484,0.84929805,0.975440073
2018-12-24 00:00:00+00:00,0.837886164,0.951829082,0.826472337,0.971576976
2018-12-26 00:00:00+00:00,0.880220249,0.959951918,0.86220118,0.975996407
2018-12-27 00:00:00+00:00,0.886978024,0.962639,0.869840257,0.978833233
2018-12-28 00:00:00+00:00,0.885833833,0.966267002,0.86916269,0.982414347
2018-12-31 00:00:00+00:00,0.893592694,0.971178426,0.87677086,0.986932664
2019-01-02 00:00:00+00:00,0.894522308,0.974105826,0.877420938,0.988838827
2019-01-03 00:00:00+00:00,0.873176534,0.974220953,0.872432776,0.991926137
2019-01-04 00:00:00+00:00,0.902424221,0.97829876,0.881525466,0.991135946
2019-01-07 00:00:00+00:00,0.909539515,0.98051376,0.887257726,0.991051696
2019-01-08 00:00:00+00:00,0.918084939,0.982733233,0.890169493,0.991158242
2019-01-09 00:00:00+00:00,0.922375601,0.985601756,0.895180615,0.99347472
2019-01-10 00:00:00+00:00,0.925629332,0.983884584,0.894395213,0.993595526
2019-01-11 00:00:00+00:00,0.925986906,0.985767054,0.895317226,0.995775533
2019-01-14 00:00:00+00:00,0.920337531,0.981850994,0.893814835,0.99400068
2019-01-15 00:00:00+00:00,0.930885344,0.984072111,0.897515485,0.995342289
2019-01-16 00:00:00+00:00,0.933137936,0.985874242,0.900239415,0.995704715
2019-01-17 00:00:00+00:00,0.940217385,0.988117733,0.903005876,0.995629527
2019-01-18 00:00:00+00:00,0.952731688,0.989785281,0.904224383,0.995578785
2019-01-22 00:00:00+00:00,0.939859812,0.988315592,0.900035733,0.995689806
2019-01-23 00:00:00+00:00,0.941826411,0.988202942,0.899808703,0.995388131
2019-01-24 00:00:00+00:00,0.942326926,0.99192008,0.899943093,0.998200641
2019-01-25 00:00:00+00:00,0.950300364,0.994094634,0.910884208,0.99869838
2019-01-28 00:00:00+00:00,0.943077863,0.990676802,0.909429098,0.99716364
2019-01-29 00:00:00+00:00,0.941826411,0.993771935,0.911535846,0.999742927
2019-01-30 00:00:00+00:00,0.956736247,0.999465342,0.920733998,1.00448404
2019-01-31 00:00:00+00:00,0.965138729,1.005854221,0.924768056,1.009199962
2019-02-01 00:00:00+00:00,0.965603563,1.002534726,0.924399506,1.004136103
2019-02-04 00:00:00+00:00,0.97239702,1.002479053,0.927275743,1.003429334
2019-02-05 00:00:00+00:00,0.97647316,1.005656961,0.930708975,1.005338864
2019-02-06 00:00:00+00:00,0.975185917,1.005227958,0.928243825,1.005570214
2019-02-07 00:00:00+00:00,0.965889666,1.004662231,0.923454585,1.006310944
2019-02-08 00:00:00+00:00,0.967069538,1.007215316,0.925307453,1.007690899
2019-02-11 00:00:00+00:00,0.967605843,1.005298693,0.925012726,1.006423393
2019-02-12 00:00:00+00:00,0.980048674,1.008690508,0.933018985,1.007653704
2019-02-13 00:00:00+00:00,0.983230826,1.008019107,0.933654045,1.006312409
2019-02-14 00:00:00+00:00,0.981049814,1.010959104,0.934373585,1.009962219
2019-02-15 00:00:00+00:00,0.991740569,1.016867095,0.942815537,1.011909309
2019-02-19 00:00:00+00:00,0.993456856,1.020091634,0.948400535,1.014210799
2019-02-20 00:00:00+00:00,0.995459135,1.019752313,0.949078037,1.014457609
2019-02-21 00:00:00+00:00,0.99191941,1.014099717,0.943344915,1.011319249
2019-02-22 00:00:00+00:00,0.9980693,1.019456205,0.948690915,1.014906009
2019-02-25 00:00:00+00:00,0.999427905,1.017274812,0.949170296,1.013329303
2019-02-26 00:00:00+00:00,0.998712867,1.019491544,0.948699815,1.015558564
2019-02-27 00:00:00+00:00,0.998283823,1.014541561,0.946403568,1.012803718
2019-02-28 00:00:00+00:00,0.996424485,1.011546153,0.943384663,1.010168224
2019-03-01 00:00:00+00:00,1.002645955,1.006448288,0.942295371,1.006174758
2019-03-04 00:00:00+00:00,0.99899886,1.008672763,0.938566892,1.007947843
2019-03-05 00:00:00+00:00,0.997640147,1.009508188,0.937811308,1.008380712
2019-03-06 00:00:00+00:00,0.991597518,1.008612448,0.932804848,1.009131832
2019-03-07 00:00:00+00:00,0.983302406,1.009151758,0.927737738,1.010459372
2019-03-08 00:00:00+00:00,0.981335808,1.011247227,0.929937492,1.011569637
2019-03-11 00:00:00+00:00,0.995566396,1.014020294,0.937340131,1.013071341
2019-03-12 00:00:00+00:00,0.999320643,1.019255302,0.941343388,1.016217436
2019-03-13 00:00:00+00:00,1.005935368,1.021370851,0.947563062,1.017379846
2019-03-14 00:00:00+00:00,1.005291801,1.016725269,0.943327898,1.015590239
2019-03-15 00:00:00+00:00,1.005828107,1.021664673,0.947683988,1.018906486
2019-03-18 00:00:00+00:00,1.009475093,1.022792569,0.950208849,1.018668121
2019-03-19 00:00:00+00:00,1.009725405,1.022114218,0.950959302,1.018303047
2019-03-20 00:00:00+00:00,1.006686196,1.027243876,0.950436568,1.023703865
2019-03-21 00:00:00+00:00,1.018056416,1.030987748,0.956500768,1.024767062
2019-03-22 00:00:00+00:00,0.998462555,1.031602859,0.944001038,1.027081402
2019-03-25 00:00:00+00:00,0.997711727,1.031699564,0.942701952,1.02860282
2019-03-26 00:00:00+00:00,1.00514875,1.033356853,0.945854178,1.029017836
2019-03-27 00:00:00+00:00,0.999892739,1.035462422,0.941311999,1.03025263
2019-03-28 00:00:00+00:00,1.003682776,1.036984172,0.939491448,1.030434186
2019-03-29 00:00:00+00:00,1.010011507,1.038457645,0.943895899,1.030208397
2019-04-01 00:00:00+00:00,1.021989395,1.034068955,0.949890861,1.025143971
2019-04-02 00:00:00+00:00,1.02249002,1.035554605,0.95047856,1.026720703
2019-04-03 00:00:00+00:00,1.024099045,1.032155242,0.948975402,1.024643111
2019-04-04 00:00:00+00:00,1.026816362,1.0343931,0.951216061,1.025917649
2019-04-05 00:00:00+00:00,1.03178638,1.036726049,0.954712092,1.027197169
2019-04-08 00:00:00+00:00,1.032572998,1.035875174,0.95405341,1.026389125
2019-04-09 00:00:00+00:00,1.027281197,1.035841456,0.951437629,1.026945423
2019-04-10 00:00:00+00:00,1.030785241,1.039547528,0.955063302,1.030056731
2019-04-11 00:00:00+00:00,1.030499138,1.035375645,0.953036619,1.027584305
2019-04-12 00:00:00+00:00,1.037471436,1.033943368,0.954724852,1.025107371
2019-04-15 00:00:00+00:00,1.03679208,1.034664259,0.955077011,1.025876611
2019-04-16 00:00:00+00:00,1.037471436,1.030672081,0.95314261,1.022758443
2019-04-17 00:00:00+00:00,1.034932851,1.029281504,0.951005889,1.022066047
2019-04-18 00:00:00+00:00,1.036970812,1.032562015,0.953662809,1.024336125
2019-04-22 00:00:00+00:00,1.03786469,1.030818802,0.952211352,1.023503691
2019-04-23 00:00:00+00:00,1.047196841,1.035066081,0.95909065,1.026512803
2019-04-24 00:00:00+00:00,1.044872778,1.038530045,0.96099205,1.029194683
2019-04-25 00:00:00+00:00,1.044229103,1.037116513,0.95946633,1.027886947
2019-04-26 00:00:00+00:00,1.04909186,1.040246615,0.96396429,1.030506423
2019-04-29 00:00:00+00:00,1.050736566,1.037446105,0.96271874,1.028986023
2019-04-30 00:00:00+00:00,1.051272872,1.040361379,0.964477981,1.030809251
2019-05-01 00:00:00+00:00,1.043371014,1.037725159,0.960472329,1.02729081
2019-05-02 00:00:00+00:00,1.041118422,1.033601504,0.956694054,1.024078031
2019-05-03 00:00:00+00:00,1.051308662,1.038838043,0.963798008,1.027018336
2019-05-06 00:00:00+00:00,1.046982319,1.039731173,0.962957044,1.028752128
2019-05-07 00:00:00+00:00,1.029497998,1.037366347,0.95225317,1.028275508
2019-05-08 00:00:00+00:00,1.028067814,1.034661183,0.950608538,1.026511976
2019-05-09 00:00:00+00:00,1.024957134,1.035609104,0.948787741,1.027949897
2019-05-10 00:00:00+00:00,1.030105884,1.036640747,0.951528866,1.028287918
2019-05-13 00:00:00+00:00,1.004219081,1.03338747,0.937635035,1.028562977
2019-05-14 00:00:00+00:00,1.01330092,1.03557681,0.944268135,1.029752977
2019-05-15 00:00:00+00:00,1.019236288,1.04108867,0.950299232,1.033584561
2019-05-16 00:00:00+00:00,1.0286757,1.041971701,0.955660412,1.033386178
2019-05-17 00:00:00+00:00,1.022025185,1.039550537,0.950416084,1.031952136
2019-05-20 00:00:00+00:00,1.015267519,1.036589693,0.946585004,1.029777448
2019-05-21 00:00:00+00:00,1.024420828,1.038548531,0.951954352,1.030272368
2019-05-22 00:00:00+00:00,1.021274358,1.039158273,0.948711444,1.031340688
2019-05-23 00:00:00+00:00,1.008795845,1.040028537,0.94040337,1.033511558
2019-05-24 00:00:00+00:00,1.011084118,1.042185806,0.944073365,1.034361995
2019-05-28 00:00:00+00:00,1.001680496,1.043662927,0.941755363,1.036833062
2019-05-29 00:00:00+00:00,0.994958511,1.042615747,0.937894324,1.035362086
2019-05-30 00:00:00+00:00,0.997675937,1.047259177,0.939255524,1.038289016
2019-05-31 00:00:00+00:00,0.984231966,1.048895042,0.930326769,1.040885045
2019-06-03 00:00:00+00:00,0.981729171,1.051715143,0.929787643,1.043287706
2019-06-04 00:00:00+00:00,1.00303921,1.053865978,0.936766055,1.044023133
2019-06-05 00:00:00+00:00,1.011727685,1.052562848,0.938552143,1.044083955
2019-06-06 00:00:00+00:00,1.018306619,1.057296095,0.942856453,1.045919051
2019-06-07 00:00:00+00:00,1.028496859,1.065181648,0.951249738,1.050865689
2019-06-10 00:00:00+00:00,1.033216565,1.061278982,0.950443823,1.047237665
2019-06-11 00:00:00+00:00,1.032966252,1.061639583,0.950173363,1.047424836
2019-06-12 00:00:00+00:00,1.031142814,1.061240209,0.94973956,1.048660415
2019-06-13 00:00:00+00:00,1.035397576,1.066061123,0.953654708,1.052307348
2019-06-14 00:00:00+00:00,1.034253494,1.066800249,0.953496803,1.052775899
2019-06-17 00:00:00+00:00,1.034646749,1.066101513,0.952580293,1.051877696
2019-06-18 00:00:00+00:00,1.045480555,1.073455042,0.960593323,1.055997275
2019-06-19 00:00:00+00:00,1.047840408,1.07596146,0.963065635,1.058840588
2019-06-20 00:00:00+00:00,1.057851806,1.084060419,0.969227535,1.063766894
2019-06-21 00:00:00+00:00,1.051201401,1.079571536,0.964771255,1.06091939
2019-06-24 00:00:00+00:00,1.049914268,1.082985957,0.964706803,1.063682934
2019-06-25 00:00:00+00:00,1.039616767,1.08178151,0.960717933,1.06370219
2019-06-26 00:00:00+00:00,1.038579837,1.077431448,0.957042983,1.060045735
2019-06-27 00:00:00+00:00,1.042262613,1.082773212,0.96322312,1.063364421
2019-06-28 00:00:00+00:00,1.047625886,1.084226601,0.966793345,1.064272309
2019-07-01 00:00:00+00:00,1.057136768,1.082617398,0.968925783,1.062151399
2019-07-02 00:00:00+00:00,1.059889876,1.087638179,0.97959528,1.06504967
2019-07-03 00:00:00+00:00,1.068363829,1.094430477,0.984486684,1.068363048
2019-07-05 00:00:00+00:00,1.067148167,1.086759516,0.977305239,1.062811337
2019-07-08 00:00:00+00:00,1.061284379,1.084690899,0.972925383,1.060922149
2019-07-09 00:00:00+00:00,1.062607302,1.085592639,0.97492302,1.06093065
2019-07-10 00:00:00+00:00,1.067684472,1.087837716,0.981699564,1.063579428
2019-07-11 00:00:00+00:00,1.070187376,1.081257544,0.9763884,1.059543061
2019-07-12 00:00:00+00:00,1.074978553,1.084384775,0.98106774,1.061532971
2019-07-15 00:00:00+00:00,1.075336127,1.085998463,0.981861243,1.062570405
2019-07-16 00:00:00+00:00,1.071867873,1.081934928,0.976941693,1.059566759
2019-07-17 00:00:00+00:00,1.064573792,1.085562203,0.982870551,1.0622901
2019-07-18 00:00:00+00:00,1.06847109,1.087877533,0.989988243,1.064854535
2019-07-19 00:00:00+00:00,1.062535831,1.083846332,0.981331671,1.06241657
2019-07-22 00:00:00+00:00,1.065145887,1.085244499,0.98253603,1.062976367
2019-07-23 00:00:00+00:00,1.072761751,1.085001582,0.981852534,1.062866904
2019-07-24 00:00:00+00:00,1.077803241,1.089216466,0.987074772,1.064921929
2019-07-25 00:00:00+00:00,1.07265449,1.08418904,0.9812661,1.062260137
2019-07-26 00:00:00+00:00,1.07984131,1.087879814,0.9851856,1.063363721
2019-07-29 00:00:00+00:00,1.077874712,1.088198655,0.986957292,1.064110269
2019-07-30 00:00:00+00:00,1.075228865,1.089705614,0.988370913,1.064719655
2019-07-31 00:00:00+00:00,1.063465391,1.088084889,0.98028708,1.06446605
2019-08-01 00:00:00+00:00,1.05420482,1.093792475,0.989579555,1.070013371
2019-08-02 00:00:00+00:00,1.046267172,1.095153881,0.987308748,1.070789746
2019-08-05 00:00:00+00:00,1.014802684,1.094659215,0.983322238,1.073498885
2019-08-06 00:00:00+00:00,1.029033164,1.102977763,0.993290785,1.076208035
2019-08-07 00:00:00+00:00,1.02964105,1.10385008,0.998521955,1.075396077
2019-08-08 00:00:00+00:00,1.049842687,1.111951675,1.008642397,1.078425557
2019-08-09 00:00:00+00:00,1.042691657,1.108794594,1.004019137,1.07678291
2019-08-12 00:00:00+00:00,1.029998623,1.115310907,1.007333374,1.08003887
2019-08-13 00:00:00+00:00,1.04601686,1.119136376,1.010501358,1.080624006
2019-08-14 00:00:00+00:00,1.015088678,1.120232506,1.006436144,1.081335245
2019-08-15 00:00:00+00:00,1.017770314,1.127011485,1.012367868,1.086534455
2019-08-16 00:00:00+00:00,1.03278752,1.127100279,1.014371097,1.086168646
2019-08-19 00:00:00+00:00,1.045230243,1.122874989,1.011708525,1.08393987
2019-08-20 00:00:00+00:00,1.037221124,1.126700879,1.013712835,1.08696009
2019-08-21 00:00:00+00:00,1.045659396,1.125947081,1.014443138,1.08603499
2019-08-22 00:00:00+00:00,1.045337504,1.121656479,1.011465817,1.08364216
2019-08-23 00:00:00+00:00,1.01848546,1.123052333,1.011346097,1.085527959
2019-08-26 00:00:00+00:00,1.029748311,1.124260558,1.014465755,1.085968179
2019-08-27 00:00:00+00:00,1.025707961,1.131980053,1.019823314,1.089635047
2019-08-28 00:00:00+00:00,1.032930571,1.135378672,1.022234404,1.09153497
2019-08-29 00:00:00+00:00,1.046124121,1.137183739,1.024426167,1.091822376
2019-08-30 00:00:00+00:00,1.045659396,1.135756244,1.023539265,1.090803746
2019-09-03 00:00:00+00:00,1.039545187,1.134313742,1.025066899,1.0899723
2019-09-04 00:00:00+00:00,1.051344452,1.141419395,1.030700356,1.094969596
2019-09-05 00:00:00+00:00,1.064859894,1.134171388,1.022299488,1.089806111
2019-09-06 00:00:00+00:00,1.065682192,1.137028398,1.024297018,1.090606131
2019-09-09 00:00:00+00:00,1.066218607,1.128694594,1.015255327,1.08627187
2019-09-10 00:00:00+00:00,1.065968295,1.119461469,1.005786982,1.080351237
2019-09-11 00:00:00+00:00,1.073548369,1.121240759,1.008976941,1.08003352
2019-09-12 00:00:00+00:00,1.077266935,1.118900512,1.00737735,1.078212747
2019-09-13 00:00:00+00:00,1.076551789,1.107146724,0.995673067,1.070394349
2019-09-16 00:00:00+00:00,1.073226586,1.115465767,1.000471825,1.077143539
2019-09-17 00:00:00+00:00,1.075944012,1.117499943,1.004196295,1.077840125
2019-09-18 00:00:00+00:00,1.076587579,1.118235421,1.005014156,1.077517182
2019-09-19 00:00:00+00:00,1.076515998,1.120177938,1.006871467,1.078295964
2019-09-20 00:00:00+00:00,1.0665046,1.126406888,1.013461898,1.082597611
2019-09-23 00:00:00+00:00,1.066254288,1.12744984,1.01454105,1.084129196
2019-09-24 00:00:00+00:00,1.057887596,1.129757023,1.017776951,1.085913604
2019-09-25 00:00:00+00:00,1.064144747,1.122239056,1.009785789,1.080689594
2019-09-26 00:00:00+00:00,1.061927945,1.124326807,1.011654342,1.082060726
2019-09-27 00:00:00+00:00,1.0562071,1.12280263,1.009761277,1.082033975
2019-09-30 00:00:00+00:00,1.061105538,1.123461349,1.009917981,1.082467419
2019-10-01 00:00:00+00:00,1.048483974,1.120110851,1.006715046,1.081586076
2019-10-02 00:00:00+00:00,1.029962833,1.116465789,1.005033981,1.081420876
2019-10-03 00:00:00+00:00,1.038401105,1.124374744,1.012821593,1.086984549
2019-10-04 00:00:00+00:00,1.052452853,1.133106433,1.02048386,1.091222419
2019-10-07 00:00:00+00:00,1.047911879,1.126617971,1.013422356,1.087647236
2019-10-08 00:00:00+00:00,1.031643329,1.123346028,1.011233462,1.086976319
2019-10-09 00:00:00+00:00,1.041440205,1.123781982,1.011920155,1.086352499
2019-10-10 00:00:00+00:00,1.048483974,1.118087564,1.005324662,1.082448563
2019-10-11 00:00:00+00:00,1.05935357,1.115743429,1.002161221,1.079177216
2019-10-14 00:00:00+00:00,1.058173698,1.118967479,1.005937281,1.081017349
2019-10-15 00:00:00+00:00,1.068649931,1.115458342,1.002332285,1.078214889
2019-10-16 00:00:00+00:00,1.066933645,1.116251843,1.003530947,1.079696873
2019-10-17 00:00:00+00:00,1.070080115,1.116758252,1.003919245,1.080215909
2019-10-18 00:00:00+00:00,1.065396199,1.115366802,1.002308635,1.080305149
2019-10-21 00:00:00+00:00,1.0726187,1.113258034,1.000160503,1.078098576
2019-10-22 00:00:00+00:00,1.069114765,1.115457518,1.002321063,1.079712072
2019-10-23 00:00:00+00:00,1.072225446,1.117935364,1.003985972,1.081301553
2019-10-24 00:00:00+00:00,1.073977413,1.119060068,1.005678152,1.081995169
2019-10-25 00:00:00+00:00,1.078375336,1.118710246,1.005465584,1.081263766
2019-10-28 00:00:00+00:00,1.084453646,1.115257898,1.001637253,1.078716852
2019-10-29 00:00:00+00:00,1.084131863,1.115216456,1.001222025,1.079287972
2019-10-30 00:00:00+00:00,1.087457175,1.122952096,1.009568855,1.083231492
2019-10-31 00:00:00+00:00,1.084560907,1.128888743,1.01650653,1.087589076
2019-11-01 00:00:00+00:00,1.094608205,1.13167824,1.018283813,1.087822153
2019-11-04 00:00:00+00:00,1.099006018,1.126760243,1.014387355,1.084603511
2019-11-05 00:00:00+00:00,1.097790356,1.119594571,1.004692815,1.080058168
2019-11-06 00:00:00+00:00,1.098040668,1.12184845,1.007922113,1.081554683
2019-11-07 00:00:00+00:00,1.101902177,1.112668283,0.997929739,1.07525768
2019-11-08 00:00:00+00:00,1.104619603,1.111401985,0.995357219,1.074745543
2019-11-11 00:00:00+00:00,1.102510062,1.110387403,0.994025339,1.074827833
2019-11-12 00:00:00+00:00,1.104834125,1.113263502,0.996935169,1.075542725
2019-11-13 00:00:00+00:00,1.105191698,1.117088869,1.000456019,1.078039999
2019-11-14 00:00:00+00:00,1.106800615,1.122697859,1.005415799,1.082190079
2019-11-15 00:00:00+00:00,1.114809842,1.125089077,1.006800979,1.083128454
2019-11-18 00:00:00+00:00,1.115632141,1.125676882,1.008604529,1.083860155
2019-11-19 00:00:00+00:00,1.115310358,1.128890242,1.011438625,1.084782534
2019-11-20 00:00:00+00:00,1.111162747,1.133990405,1.013701699,1.088370693
2019-11-21 00:00:00+00:00,1.10937499,1.130294672,1.008921861,1.086534112
2019-11-22 00:00:00+00:00,1.111842104,1.131406981,1.009408775,1.086686986
2019-11-25 00:00:00+00:00,1.120459108,1.135782657,1.011882475,1.088558732
2019-11-26 00:00:00+00:00,1.122997693,1.140314762,1.016142921,1.090967352
2019-11-27 00:00:00+00:00,1.128003501,1.139464789,1.015010119,1.089132397
2019-11-29 00:00:00+00:00,1.123820101,1.135484077,1.014974319,1.086179936
2019-12-02 00:00:00+00:00,1.114273537,1.124657154,1.006966068,1.080379317
2019-12-03 00:00:00+00:00,1.106800615,1.134424718,1.01416231,1.087042031
2019-12-04 00:00:00+00:00,1.113629861,1.132588233,1.013075435,1.085998146
2019-12-05 00:00:00+00:00,1.115632141,1.130697785,1.012333898,1.084440176
2019-12-06 00:00:00+00:00,1.12582238,1.130403072,1.010771335,1.083669071
2019-12-09 00:00:00+00:00,1.122282656,1.130279176,1.010110263,1.083715542
2019-12-10 00:00:00+00:00,1.121031203,1.130455439,1.010719365,1.083001097
2019-12-11 00:00:00+00:00,1.124213464,1.135682642,1.01624988,1.08657015
2019-12-12 00:00:00+00:00,1.133903079,1.130165334,1.013210148,1.081943697
2019-12-13 00:00:00+00:00,1.134582436,1.137127491,1.018145088,1.087271113
2019-12-16 00:00:00+00:00,1.142377032,1.135405179,1.018215333,1.085096116
2019-12-17 00:00:00+00:00,1.142627344,1.135311508,1.01787823,1.085582197
2019-12-18 00:00:00+00:00,1.142698815,1.13140708,1.015603785,1.083448432
2019-12-19 00:00:00+00:00,1.147382731,1.133425509,1.01815623,1.084022006
2019-12-20 00:00:00+00:00,1.146774955,1.135773438,1.020889008,1.084786384
2019-12-23 00:00:00+00:00,1.148526922,1.134054715,1.021702153,1.082950603
2019-12-24 00:00:00+00:00,1.148562712,1.135008424,1.023637338,1.084011361
2019-12-26 00:00:00+00:00,1.154676812,1.139344926,1.028866653,1.086699232
2019-12-27 00:00:00+00:00,1.15439071,1.139897765,1.02872128,1.087897883
2019-12-30 00:00:00+00:00,1.148026298,1.136297345,1.02620673,1.086363893
2019-12-31 00:00:00+00:00,1.150815195,1.131873165,1.024942963,1.083334523
2020-01-02 00:00:00+00:00,1.16157753,1.141259558,1.034009543,1.088727816
2020-01-03 00:00:00+00:00,1.152781794,1.149207582,1.040388819,1.094318805
2020-01-06 00:00:00+00:00,1.157179717,1.148781525,1.04501793,1.09433947
2020-01-07 00:00:00+00:00,1.153925985,1.145809074,1.044734694,1.092791865
2020-01-08 00:00:00+00:00,1.160075875,1.142171545,1.042001916,1.09043768
2020-01-09 00:00:00+00:00,1.167941942,1.145136678,1.0427759,1.091652296
2020-01-10 00:00:00+00:00,1.16458095,1.148970055,1.046110366,1.0930898
2020-01-13 00:00:00+00:00,1.172590177,1.148482509,1.044962631,1.09257718
2020-01-14 00:00:00+00:00,1.17080242,1.151223765,1.045465974,1.094414669
2020-01-15 00:00:00+00:00,1.173448266,1.155579534,1.050381018,1.096703246
2020-01-16 00:00:00+00:00,1.183209461,1.156602036,1.052458855,1.096305875
2020-01-17 00:00:00+00:00,1.186892237,1.153957299,1.052420441,1.09632625
2020-01-21 00:00:00+00:00,1.184568065,1.158148123,1.054276401,1.098873289
2020-01-22 00:00:00+00:00,1.184711116,1.158841861,1.05542414,1.098208821
2020-01-23 00:00:00+00:00,1.186069829,1.162323391,1.05837423,1.099970121
2020-01-24 00:00:00+00:00,1.175522017,1.162457589,1.058826665,1.100440861
2020-01-27 00:00:00+00:00,1.156679092,1.164484215,1.059199294,1.102483679
2020-01-28 00:00:00+00:00,1.16880014,1.16320493,1.057350451,1.101368864
2020-01-29 00:00:00+00:00,1.167834681,1.168424862,1.061613949,1.105114595
2020-01-30 00:00:00+00:00,1.171624718,1.168797345,1.062640406,1.10577051
2020-01-31 00:00:00+00:00,1.15035047,1.167536611,1.060150354,1.10664792
2020-02-03 00:00:00+00:00,1.158895894,1.166955479,1.060174954,1.10489785
2020-02-04 00:00:00+00:00,1.176558947,1.16421776,1.056880887,1.102658134
2020-02-05 00:00:00+00:00,1.19014586,1.163406854,1.055729679,1.101913739
2020-02-06 00:00:00+00:00,1.194150528,1.167401924,1.059455876,1.103386485
2020-02-07 00:00:00+00:00,1.187786116,1.171601456,1.063331535,1.105994653
2020-02-10 00:00:00+00:00,1.196653323,1.175318975,1.067648152,1.108312395
2020-02-11 00:00:00+00:00,1.198727183,1.173574517,1.065668346,1.107005901
2020-02-12 00:00:00+00:00,1.206450308,1.174213691,1.0653756,1.106994092
2020-02-13 00:00:00+00:00,1.205163066,1.176529386,1.06789066,1.107792451
2020-02-14 00:00:00+00:00,1.207093875,1.179884192,1.071280621,1.110180522
2020-02-18 00:00:00+00:00,1.203983194,1.184259459,1.075789614,1.11184151
2020-02-19 00:00:00+00:00,1.209739721,1.187407419,1.078639231,1.113396664
2020-02-20 00:00:00+00:00,1.204769812,1.190460977,1.081794395,1.115060062
2020-02-21 00:00:00+00:00,1.192362771,1.192759804,1.085457256,1.116519195
2020-02-24 00:00:00+00:00,1.152817584,1.188370448,1.083023856,1.115911922
2020-02-25 00:00:00+00:00,1.117884733,1.177402697,1.071771496,1.111324011
2020-02-26 00:00:00+00:00,1.113772912,1.172424828,1.068788751,1.109314592
2020-02-27 00:00:00+00:00,1.063751493,1.162213355,1.059898995,1.104899589
2020-02-28 00:00:00+00:00,1.059282099,1.168255393,1.060966924,1.11169272
2020-03-02 00:00:00+00:00,1.105155908,1.179220501,1.070705292,1.11830403
2020-03-03 00:00:00+00:00,1.073512579,1.181992182,1.076745485,1.123926275
2020-03-04 00:00:00+00:00,1.11863556,1.191039317,1.081222392,1.12913329
2020-03-05 00:00:00+00:00,1.081450227,1.19287914,1.088480297,1.129925444
2020-03-06 00:00:00+00:00,1.063572652,1.210004223,1.112405724,1.132672369
2020-03-09 00:00:00+00:00,0.980513509,1.190518503,1.10898833,1.120299525
2020-03-10 00:00:00+00:00,1.031250075,1.177316092,1.086297107,1.11425474
2020-03-11 00:00:00+00:00,0.980978234,1.138588609,1.05236901,1.095746641
2020-03-12 00:00:00+00:00,0.887121021,1.103504763,1.030169792,1.077395855
2020-03-13 00:00:00+00:00,0.962957717,1.116226978,1.033887715,1.085403051
2020-03-16 00:00:00+00:00,0.857587287,1.109170676,1.045362575,1.085535296
2020-03-17 00:00:00+00:00,0.903890195,1.085802903,1.01547533,1.069650725
2020-03-18 00:00:00+00:00,0.858123592,1.036351193,0.971202082,1.047079865
2020-03-19 00:00:00+00:00,0.859947085,1.050708952,0.984558547,1.05209585
2020-03-20 00:00:00+00:00,0.818077836,1.077716128,1.018916335,1.067246585
2020-03-23 00:00:00+00:00,0.797161051,1.096447632,1.040311047,1.074803169
2020-03-24 00:00:00+00:00,0.869386443,1.116395541,1.050042952,1.08292574
2020-03-25 00:00:00+00:00,0.882401315,1.119307001,1.050773262,1.086413874
2020-03-26 00:00:00+00:00,0.933924553,1.139080146,1.066340355,1.09629056
2020-03-27 00:00:00+00:00,0.906106997,1.142954591,1.074550952,1.097633394
2020-03-30 00:00:00+00:00,0.935533469,1.148389671,1.077507502,1.10393974
2020-03-31 00:00:00+00:00,0.921588983,1.13652949,1.068141507,1.102271244
2020-04-01 00:00:00+00:00,0.880112987,1.128173202,1.066210657,1.096065585
2020-04-02 00:00:00+00:00,0.900421941,1.140894794,1.073523734,1.102408729
