date,retweets,favorites,vader,finBERT,buzz,sentiments12,adjclose,volume,EMA12,EMA26
2018-07-23,2325,4274,0.07285949367088608,0.002740266614430373,-0.11578013609362099,0.02429300696232421,272.1641845703125,47047600,272.1641845703125,272.1641845703125
2018-07-24,2176,3542,0.040413953488372095,-0.019234233037209305,-0.28355997605361044,0.017596508500857515,273.53375244140625,68026900,272.37488731971155,272.2656340422454
2018-07-25,3271,5597,-0.005224752475247529,-0.09143643386138613,0.3163338898646265,0.0008222096758969538,275.86492919921875,78882900,272.9118168396357,272.5322484983175
2018-07-26,2693,4205,0.009564367816091957,-0.15772712683183904,-0.05883782945566771,-0.023569995940677817,275.21417236328125,57919500,273.26602538173506,272.7309095253518
2018-07-27,2206,3553,0.013512820512820517,-0.09123031215256408,-0.2757518336718175,-0.03397927535789109,273.3492431640625,76768700,273.27882811747776,272.7767120171082
2018-07-30,2063,3186,0.056265116279069764,-0.014009214976744197,-0.3728775072014368,-0.019768461784490893,271.9214172363281,63742500,273.06999567422395,272.71335684816154
2018-07-31,2043,3190,0.02598809523809525,-0.04410600757857142,-0.37592458715530724,-0.02351269959896482,273.2617492675781,68570500,273.09949622704767,272.75397850885906
2018-08-01,2143,3549,0.0663364705882353,0.020944289085882355,-0.28851148097864987,-0.0166731628782191,272.8052673339844,53853300,273.05423024349943,272.7577776810906
2018-08-02,2394,4012,0.090883908045977,0.10592208784597701,-0.1525355380371828,0.0021876449255033795,274.2914123535156,63426400,273.24456595273267,272.8713802494184
2018-08-03,2288,3442,-0.02348571428571428,0.023719949344444453,-0.2812746660882076,0.005500307143802006,275.4667053222656,53935400,273.5864335480454,273.0636265511108
2018-08-06,1820,3267,0.11955800000000001,0.04183447000999998,-0.4037291917343747,0.012682467274929709,276.47686767578125,39400900,274.03111572154324,273.31645922701233
2018-08-07,1976,3382,0.0442975,-0.11471104257249998,-0.3521192750156947,-0.006916534240059476,277.389892578125,43196600,274.5478506225558,273.61819503079846
2018-08-08,3139,4805,0.05099444444444445,-0.09282597406111111,0.14036502252861033,-0.02013337113560588,277.2733459472656,42114600,274.9671575955881,273.88894695053676
2018-08-09,2137,3286,0.06060125000000003,-0.08050976659749998,-0.33974051270309613,-0.029422047360512665,276.8945617675781,35717000,275.2636813143558,274.1115850851324
2018-08-10,1850,2829,0.01900886075949368,-0.09443113781012656,-0.48142973055807015,-0.0394234458912225,275.0393371582031,77076000,275.22916682879384,274.1803074609154
2018-08-13,1176,1834,-0.08114186046511628,-0.17268172530232553,-0.7992782582461773,-0.058485132235287736,274.0097351074219,65732900,275.04156194858274,274.16767247176773
2018-08-14,1673,2522,0.002134328358208963,-0.020188848494029847,-0.5736038991626501,-0.05259339627509421,275.7580871582031,43842000,275.1517965962166,274.28548096705924
2018-08-15,1419,2495,-0.09187432432432435,-0.14918216587837838,-0.6271182408524991,-0.06745320698329177,273.69891357421875,102925400,274.9282761312939,274.24203153055254
2018-08-16,1757,2769,0.020883783783783784,-0.052102248095945936,-0.5105674326169559,-0.06509152100062318,275.9135437011719,69967900,275.07985575742896,274.3658472468947
2018-08-17,1711,4058,0.006411428571428568,-0.04119259954285715,-0.2738474087006485,-0.06141476385327456,276.8848571777344,65618500,275.3575482836298,274.55244057510504
2018-08-20,1509,2469,0.08337254901960786,-0.030143874505098044,-0.6149299210370175,-0.06547211740935974,277.47735595703125,39807500,275.6836725410762,274.76910097376623
2018-08-21,1722,2850,0.06157808219178083,-0.028513310619178077,-0.5018070777495786,-0.05978614713394717,278.12811279296875,67272000,276.0597402721366,275.0179166640775
2018-08-22,2472,3754,0.06202875,-0.04768107149874999,-0.18681518751822493,-0.0579238278054553,277.9629821777344,44993300,276.35254671915163,275.23606966508913
2018-08-23,4396,7855,0.027805333333333345,-0.06496347934666669,0.9606008576111013,-0.05900685111948782,277.59393310546875,49204900,276.54352924012346,275.41072621622834
2018-08-24,1227,2116,-0.029169444444444453,-0.0825444586097222,-0.7358609067062494,-0.0626280215026008,279.2645568847656,57487400,276.9621488777607,275.69619515463853
2018-08-27,1495,2715,0.03000222222222222,0.020365747933333334,-0.5707472617058965,-0.02956815495140226,281.469482421875,57072400,277.65558480762445,276.12384606332273
2018-08-28,2182,4427,0.13663088235294124,0.06799940253529414,-0.11387571112245198,-0.014557761491910504,281.6054382324219,46943500,278.2632545652856,276.5298899277004
2018-08-29,1402,2377,-0.02712647058823528,0.01068193139705881,-0.6528279779632807,-0.010674731816684456,283.1206970214844,61485500,279.0105534047008,277.01809786057333
2018-08-30,1532,2632,0.05898750000000002,0.008334440919444441,-0.579507616573274,-0.007750243703433857,281.97454833984375,61229500,279.466552625492,277.3852423405193
2018-08-31,1401,2263,0.09589062500000001,-0.018076336278125008,-0.6747288651317243,-0.009338873330309418,281.9842529296875,66140800,279.8538911338298,277.72590979156877
2018-09-04,1849,3294,0.059190000000000006,-0.11172929001999998,-0.3930644118958283,-0.02694759255419482,281.49859619140625,57594400,280.10692268114923,278.0053680434086
2018-09-05,1844,2992,0.05057058823529412,-0.1410148567617647,-0.45153025851071676,-0.04449640243228249,280.740966796875,72452400,280.20446792972245,278.20800498810985
2018-09-06,2814,5560,-0.09136351351351352,-0.17112542610810813,0.22225529628887758,-0.06397779069010182,279.89593505859375,65909900,280.1570013341642,278.33303684518273
2018-09-07,2943,5909,-0.02389459459459459,-0.1535037635702703,0.3132868099107561,-0.0777510172870508,279.35198974609375,73524800,280.033153397538,278.4085148378428
2018-09-10,2893,4079,0.018716949152542378,-0.02820645186271185,-0.04474508466901707,-0.051981700143716406,279.837646484375,50210900,280.0030754108975,278.51437644128964
2018-09-11,2540,4527,-0.06499411764705881,-0.06314170637294118,-0.02665304744291151,-0.05369862417898176,280.7603454589844,50530500,280.11957849521855,278.6807445166744
2018-09-12,2534,4783,-0.03812857142857144,-0.06505651674916668,0.020957576836313642,-0.05544599226670252,280.8283996582031,59810800,280.2286279049085,278.8398300827136
2018-09-13,4626,8450,0.04595978260869566,0.009141968204891313,1.1177159177325442,-0.04550938296338039,282.4893493652344,51034200,280.5764312064971,279.1101648443818
2018-09-14,2310,4757,0.009010465116279068,-0.045475414977906976,-0.02665304744291151,-0.0455041571194614,282.53790283203125,55079900,280.8781960719639,279.36407136198545
2018-09-17,1790,3244,-0.030589830508474573,-0.0698820217966102,-0.41382264408157043,-0.0481322000802984,281.04205322265625,68244000,280.9034048643781,279.48836631462774
2018-09-18,1749,2938,0.007178651685393271,-0.10057737886404497,-0.479906190581135,-0.05620068912395172,282.56707763671875,61930400,281.15935452166127,279.716419005153
2018-09-19,1601,2805,0.08733950617283952,-0.023337304023456785,-0.5334205322709841,-0.05114478372387558,282.8681945800781,49080600,281.42225299218694,279.9498838625548
2018-09-20,1963,3271,0.10341518987341773,0.013999375265822782,-0.3757341446581903,-0.04112260541776814,285.1604919433594,100360600,281.9973666769827,280.3358548315033
2018-09-21,1533,2504,-0.014037037037037042,-0.09453433197901238,-0.6036938137071204,-0.04933979411949803,284.8999328613281,105479700,282.44391532072814,280.6739346855644
2018-09-24,1996,3410,0.05580344827586203,-0.009511231937931035,-0.3429780351540834,-0.05336687188591751,283.9535217285156,53409600,282.67616246038773,280.9168670591164
2018-09-25,1908,3516,0.01808571428571429,-0.10497317272619044,-0.3395500702059792,-0.061306302784421035,283.6900329589844,44370000,282.8321425370949,281.1222867554029
2018-09-26,2112,3469,0.099322619047619,-0.07487590596999999,-0.30965059815862583,-0.06339393404374087,282.8412170410156,79739700,282.8335386146212,281.24961492470754
2018-09-27,1741,3139,0.0181883116883117,-0.07513029785974028,-0.4431507886375731,-0.06519952847697155,283.63153076171875,59249500,282.9563066372516,281.42605313485655
2018-09-28,2018,3794,0.01801168831168829,-0.16620908519480518,-0.2656583813246218,-0.08073946027971518,283.66082763671875,70091400,283.0646944833235,281.5915919868463
2018-10-01,1564,2691,0.10562600000000004,0.07163465868,-0.562177349335636,-0.056244530913318366,284.64630126953125,62078900,283.3080186042785,281.8178667485266
2018-10-02,2206,4195,0.11132962962962963,-0.0030763585740740604,-0.1534877505227673,-0.04806481209189616,284.48040771484375,47258200,283.48838615975006,282.01509200529085
2018-10-03,1950,3390,0.13007375,-0.0250999146625,-0.3555472399637989,-0.04453175094891214,284.63653564453125,64694600,283.66502454202407,282.20927301560494
2018-10-04,1567,2538,0.023062162162162163,-0.03988713957297298,-0.5907437239031711,-0.04381719535261381,282.4118957519531,111545900,283.4722354973978,282.22428210718624
2018-10-05,1742,3695,0.05991466666666665,-0.12197300421466664,-0.33707431774345953,-0.05584116594677578,280.8312072753906,105951700,283.0659234632428,282.1210913789051
2018-10-08,1812,3593,0.06445925925925926,-0.08004855951851855,-0.34316847765120034,-0.06249302748319226,280.8312072753906,87742200,282.722120972804,282.02554440827436
2018-10-09,3327,6029,0.05643516483516485,-0.004167489774725273,0.409269828457674,-0.0535198678357358,280.4214172363281,74339000,282.3681665518077,281.90672017331536
2018-10-10,2445,5191,0.07635731707317073,0.060171345445243926,0.08170873341660494,-0.0360289119463543,271.5423889160156,214731000,280.7026623001474,281.1389919320339
2018-10-11,2704,5371,-0.06736206896551723,-0.20264877730459765,0.1653129896509243,-0.06166273738608405,265.561279296875,274840500,278.3732187611824,279.9850872923925
2018-10-12,4321,8215,-0.06702400000000001,-0.17605224180373333,1.014876969289418,-0.07926112268110702,269.2494812011719,183186500,276.9695668288731,279.1898572115614
2018-10-15,1645,2823,0.1037241379310345,-0.04671462041724138,-0.5216130974497362,-0.07801248538540485,267.7370910644531,102263700,275.54918594203923,278.34150416362746
2018-10-16,2063,3290,-0.004213043478260875,-0.06435527819195652,-0.35307148750127915,-0.07591137658641281,273.59136962890625,118255800,275.24798343232646,277.9896423462407
2018-10-17,1813,3003,0.07567307692307694,-0.030160366827692322,-0.4553391084530548,-0.06887275970045581,273.64019775390625,110626000,275.00063178949256,277.66746126532706
2018-10-18,1610,2557,-0.0007537313432835836,-0.05700442613432837,-0.5789362890819233,-0.0670468622287439,269.6885070800781,134557500,274.18338183419803,277.07642762197526
2018-10-19,1382,2242,0.01363076923076923,-0.12257008735815389,-0.6823465650164003,-0.07558889686403775,269.54217529296875,139901600,273.4693500586243,276.51833485686365
2018-10-22,2779,4895,0.020728571428571433,-0.04990317681249996,0.08894554830704716,-0.06370095179999866,268.332275390625,82415800,272.6790308789321,275.9119600815867
2018-10-23,2194,3730,-0.09350253164556963,-0.21894894534341774,-0.2443288216475289,-0.08758525849898621,266.9662780761719,146352700,271.8001458323536,275.24931697007446
2018-10-24,2447,3290,0.049798749999999996,-0.13330441966624998,-0.2799415686083893,-0.09461897560164217,258.8775939941406,177806700,269.812060934167,274.0365967496349
2018-10-25,2075,3252,0.04605595238095238,-0.0932159916683333,-0.3580229924263186,-0.09440313191959467,263.5219421386719,138061500,268.84435035024467,273.25773344511913
2018-10-26,1357,2205,0.06534264705882353,-0.08048433220191176,-0.6941539998376481,-0.09226177811687422,258.8872985839844,201574600,267.31249623235846,272.1932567887388
2018-10-29,1487,2873,0.04668620689655172,-0.020319474065517252,-0.5421808871383614,-0.052491055612220824,257.4529724121094,160749100,265.7956464138586,271.10138387195144
2018-10-30,1905,3245,0.059711111111111125,-0.1119209261111111,-0.39173131441601,-0.061634112612050096,261.26806640625,157116000,265.0990956434573,270.37298998560317
2018-10-31,1732,3426,-0.011707500000000003,-0.09925940733625004,-0.3902077744390748,-0.06742261949269623,264.0586242675781,128296300,264.93902312409125,269.9052591916754
2018-11-01,1699,3280,-0.04210933333333333,-0.07146542507999998,-0.424296981423,-0.06804458958305065,266.8686828613281,99495000,265.23589385289694,269.68032761164966
2018-11-02,1853,3264,0.024492753623188417,-0.05071316731304346,-0.3980159168208677,-0.06537821692612647,265.28802490234375,122634100,265.24391401435025,269.35497185540476
2018-11-05,3544,7145,0.049577049180327876,-0.06396165376885245,0.6631296771145025,-0.06239550781513503,266.7516174316406,65622500,265.4758683862411,269.1621307869778
2018-11-06,2175,3851,0.031052173913043466,-0.05034538381847822,-0.22490368694160504,-0.06054164258488014,268.4396057128906,60085900,265.9318279749564,269.10861041111946
2018-11-07,6760,15891,0.16111999999999999,0.017583155197037025,2.9412028276268676,-0.048522442926123656,274.18658447265625,102752100,267.20179051306405,269.4847566379
2018-11-08,2178,4428,0.0024194805194805175,-0.0021631732246753283,-0.11444703861380269,-0.0413902475874393,273.6889343261719,65584900,268.1998126381576,269.79617720740157
2018-11-09,1649,3803,0.009360563380281689,-0.1680596850774648,-0.334217680286706,-0.06087785335513553,271.0155029296875,98812600,268.6329957599314,269.8864976312746
2018-11-12,1646,3140,0.03576440677966101,-0.029855673137288152,-0.4610523833665618,-0.07048832504023356,265.9515380859375,99673600,268.2204638100862,269.5950191464348
2018-11-13,4273,14001,0.0027875000000000066,-0.15185306105125004,2.1076360177461937,-0.0830059767342361,265.4538879394531,98176600,267.7948367530657,269.2882686866584
2018-11-14,1665,2765,0.038105479452054794,-0.09239029239999996,-0.5288499123401784,-0.08444971760589207,263.63909912109375,125335900,267.1554925019931,268.86981168180176
2018-11-15,1633,2869,-0.004348571428571426,-0.11671667633571428,-0.5151380525477616,-0.08941386510278779,266.3905944824219,135101400,267.0378158835975,268.6861659633292
2018-11-16,1576,3032,-0.06899523809523808,-0.1991848137095238,-0.49495114785337013,-0.10630170334997793,267.0833740234375,126668000,267.04482482818827,268.5674406344483
2018-11-19,1989,4848,-0.015043859649122804,-0.15915577882280704,-0.07045482177979864,-0.10169700446679251,262.5657653808594,103061700,266.3557387593684,268.12287209714543
2018-11-20,2870,4230,-0.07325945945945947,-0.28706333021891905,-0.020368445038053788,-0.13021490073635045,257.7066650390625,136021300,265.0251120331675,267.3513012039541
2018-11-21,1580,2367,-0.00458939393939393,-0.2435999240151515,-0.6208336384476414,-0.1476587504715506,258.5848388671875,75563700,264.0343007768629,266.7019336234529
2018-11-23,1115,2181,0.026603508771929827,-0.1721406650280701,-0.7448117040707437,-0.14175423922260816,256.85784912109375,42807900,262.93023129136,265.9727421788337
2018-11-26,1616,3064,-0.0004677966101694908,-0.08513940173050846,-0.4812392880609533,-0.11855611403672432,261.0046081542969,79981400,262.63398157796564,265.60473225109024
2018-11-27,2634,5719,-0.09710111111111111,-0.19410448756222215,0.21825600384942268,-0.13017894073295475,261.88275146484375,75502400,262.5184077144084,265.3290299706275
2018-11-28,1513,2808,0.03543176470588237,-0.09880819677882358,-0.5496081445259206,-0.12535267243231918,267.9126892089844,127629600,263.3482971751124,265.52041213643173
2018-11-29,2634,4962,0.07293666666666668,-0.01630529094822221,0.07409103353192892,-0.10857615220399656,267.3272705078125,82346400,263.9604469186047,265.65425349727474
2018-11-30,1560,2365,-0.05115405405405404,-0.21263700211621625,-0.6250233733842132,-0.12458551372895343,268.9567565917969,98204200,264.72910994524966,265.89888335612824
2018-12-03,1943,3805,0.09372162162162163,0.02115898492972974,-0.2778467011401034,-0.07868982944612361,272.51806640625,103176300,265.9274109392497,266.3891932116928
2018-12-04,1321,2371,0.10381666666666667,-0.012508582734722221,-0.669396475212451,-0.0685080991828311,263.6878662109375,177986000,265.58286559643244,266.1890949153406
2018-12-06,1673,3085,0.09857567567567568,-0.03352267514999999,-0.466384773285835,-0.07564420957342971,263.2878112792969,204185400,265.22978031687313,265.9741850163744
2018-12-07,1755,3053,-0.01687010309278352,-0.16044866700103091,-0.45686264842998997,-0.08869104917767605,257.17010498046875,161018900,263.9898302651186,265.3220309396406
2018-12-10,2340,5075,-0.04048055555555555,-0.11505509763888888,0.039620941553769905,-0.08382788071904931,257.6579284667969,151445900,263.01569152691525,264.7543196453559
2018-12-11,2086,3718,-0.07252499999999998,-0.20290664962738103,-0.267181921301557,-0.10214769132033111,257.7164611816406,121504400,262.2004253199499,264.2329967961918
2018-12-12,3198,7365,-0.0385901234567901,-0.1922720587061729,0.639133922477773,-0.11601297861046062,259.01416015625,97976700,261.7102306793807,263.84641630434425
2018-12-13,2258,4456,0.02626626506024097,-0.054339842675903624,-0.09387924892517742,-0.106524803851298,258.92633056640625,96662700,261.28193835430767,263.4819655089414
2018-12-14,1770,3389,0.015567499999999995,-0.07505138653250001,-0.39001733194195787,-0.101682739648406,254.14535522460938,116961100,260.18400248820024,262.79036474713905
2018-12-17,1521,3305,-0.036664062500000004,-0.07115333412812501,-0.45343468348188576,-0.08705308401663713,249.15940856933594,165492300,258.48791111606727,261.780664289524
2018-12-18,2076,3525,-0.02407625,-0.15371185669895004,-0.3058417482162878,-0.09730827981391604,248.88621520996094,134515100,257.01072713051246,260.8255199132601
2018-12-19,1584,2884,-0.01019634146341463,-0.10797078638536585,-0.5216130974497362,-0.09894866544029293,245.15895080566406,214992800,255.18737692668964,259.66503331269746
2018-12-20,6501,23415,-0.06384444444444447,-0.1414388770246914,4.324767569181151,-0.10548562106866194,241.16827392578125,252053400,253.0305918496268,258.2949029877407
2018-12-21,2755,4405,-0.03377124999999999,-0.12607381979999993,-0.008941895211039752,-0.10865303625809855,236.22683715820312,255345600,250.445398820177,256.660231444812
2018-12-24,2242,4398,0.005768253968253953,-0.17208875458412695,-0.10797199371182807,-0.10930380751471297,229.98504638671875,147311600,247.29765229195266,254.68429181087913
2018-12-26,2084,4919,0.14383396226415096,-0.006362487245849067,-0.03884136725839315,-0.09441520064481838,241.60501098632812,218485400,246.42186132185657,253.71545619424572
2018-12-27,1921,3667,0.08744716981132077,0.0671800013509434,-0.30831750067880753,-0.06955440033777811,243.45989990234375,186267300,245.96617494962385,252.95578535780854
2018-12-28,2039,4280,0.038222727272727276,-0.07324094924242422,-0.16910403528635318,-0.07012156170772367,243.14581298828125,153100200,245.5322731094173,252.22912073784357
2018-12-31,1502,3283,0.11057166666666668,-0.0014769759600000007,-0.4612428258636787,-0.05622166207600981,245.2755126953125,144299400,245.4927715072473,251.71403866061905
2019-01-02,1345,3143,0.04005555555555555,-0.0800168121611111,-0.5178042475073982,-0.06748238090731405,245.53065490722656,126925200,245.49859972262874,251.25601023444182
2019-01-03,2384,5056,-0.06351011235955056,-0.15788157815617976,0.04438200398169242,-0.08138994971483185,239.671630859375,144140700,244.60214297443585,250.39790805851095
2019-01-04,1853,3567,-0.013280555555555558,-0.16488850708833336,-0.3403118401944468,-0.09423588161844747,247.69961547851562,142628800,245.07867720583275,250.19803453406684
2019-01-07,1935,3921,0.06030422535211269,0.07371687769211269,-0.25727891145147813,-0.04669054703726433,249.6526336669922,103139100,245.78236281524187,250.15763446983908
2019-01-08,2381,4738,0.037565517241379326,-0.0002139370632183781,-0.016750037592832678,-0.03954029934894957,251.99819946289062,102512600,246.7386453764186,250.29397261747252
2019-01-09,3373,13891,0.06208076923076924,0.016918397307692293,1.915289095658124,-0.030854346017158515,253.1759033203125,95006600,247.72899275240226,250.50744896583103
2019-01-10,1492,2817,0.13653116883116884,-0.026961476746753244,-0.5518934544913234,-0.030255443052480784,254.0690155029297,96823900,248.704380867868,250.77126870931983
2019-01-11,1671,3034,-0.004936619718309855,-0.12836930855140843,-0.47647822563303077,-0.04534988389846965,254.16714477539062,73858100,249.54480608440994,251.02281508458435
2019-01-14,2262,4118,0.04497654320987654,-0.08778093388888888,-0.15748704296222224,-0.037738930791521005,252.61651611328125,70908200,250.01737685808246,251.140867012636
2019-01-15,2863,5316,0.038902459016393436,-0.10829035377049177,0.18511900935108197,-0.048592995865208814,255.51165771484375,85208300,250.86265083604573,251.46462928687362
2019-01-16,2243,4319,0.00922909090909091,-0.06229959893090909,-0.12282650848694632,-0.0507017040291627,256.12994384765625,77636700,251.67300360706272,251.8102081432279
2019-01-17,3144,6536,-0.04012621359223301,-0.13195702264990297,0.47097319752354977,-0.06320252227850735,258.0731506347656,96118400,252.65764161132472,252.27412980926772
2019-01-18,2111,4256,-0.01161855670103093,-0.1869174471350515,-0.15996279542474193,-0.08223558764105261,261.50811767578125,127900300,254.0192533135488,252.95812891049096
2019-01-22,2050,4205,0.05042891566265057,-0.10593735969518074,-0.1812923551018348,-0.07310993001558001,257.9750061035156,115531200,254.62783066585138,253.3297494433076
2019-01-23,2671,5122,-0.0426761467889908,-0.12006446787889914,0.11160820546395833,-0.08033370507147526,258.5148010253906,86030300,255.22582610578047,253.7138273382767
2019-01-24,4682,8357,0.0193546218487395,-0.16044792947731099,1.110669545339219,-0.09265897036468075,258.6521911621094,59204100,255.75295919136954,254.07963206596798
2019-01-25,1915,3388,-0.05578021978021978,-0.1609823698703297,-0.3625936123571242,-0.10317026259631905,260.84075927734375,96883400,256.5356976661348,254.58045630384768
2019-01-28,2366,4761,-0.05753134328358209,-0.11589291750447758,-0.015226497615897472,-0.08919242684795355,258.85833740234375,85613700,256.8930268563208,254.89733638521778
2019-01-29,3328,6060,0.0018655913978494617,-0.15238699849731188,0.4153639883654148,-0.09891466864016252,258.5148010253906,66136300,257.14253057463924,255.16529672893427
2019-01-30,2431,5059,0.06673253012048193,-0.00641049703373494,0.05390412883753745,-0.08468325762378903,262.6072998046875,92473700,257.98326430233897,255.7165562160271
2019-01-31,2134,4794,0.07669666666666668,-0.07309689833666662,-0.053124554542160696,-0.08290074081038558,264.9136047363281,104012100,259.0494705229527,256.39781906938276
2019-02-01,2183,4820,0.1567036585365853,-0.1086235420963415,-0.03884136725839315,-0.08685809485437879,265.0412292480469,85782500,259.97127955758253,257.0380716752097
2019-02-04,1598,3511,0.10332112676056336,-0.055068546142253504,-0.3995394567978029,-0.07115630723098504,266.9058837890625,60744800,261.038141747041,257.7690207206803
2019-02-05,2000,4192,0.11708205128205133,-0.08312402792820514,-0.19329023242019955,-0.07299749503055736,268.0247497558594,79552800,262.11300451762844,258.5287043529158
2019-02-06,1971,4603,0.09719659090909091,0.010625600590909097,-0.1205411985215435,-0.060132403396485595,267.6714172363281,58347800,262.96814493588994,259.20594234427966
2019-02-07,1719,3300,-0.022955555555555555,-0.05081994590246916,-0.41667928153832395,-0.05869971762817537,265.1197509765625,95482000,263.2991612498396,259.6440022429673
2019-02-08,1475,2943,0.002409756097560975,-0.06189553663170731,-0.5311352223055812,-0.05919138209025721,265.443603515625,75788900,263.6290754445758,260.07360233723824
2019-02-11,1631,3388,0.03361076923076926,-0.03087760779830769,-0.41667928153832395,-0.04855856514659718,265.5907897949219,68021400,263.9308776523213,260.48228288965925
2019-02-12,2748,6853,0.07330600000000001,-0.0417406477817,0.4559282402513146,-0.04750965478276684,269.00616455078125,72270200,264.7116910213152,261.11368153122385
2019-02-13,1519,3110,0.028195555555555554,-0.009911543103333333,-0.4909518554139152,-0.04172532990900784,269.87957763671875,65277200,265.506750500608,261.7630071686679
2019-02-14,3984,7610,0.1740096385542169,-0.017646388618915654,0.8354801370052976,-0.03802087740283981,269.2809753417969,83234400,266.0874004761755,262.31989370001077
2019-02-15,2013,3872,0.047643373493975905,-0.17733167125783142,-0.251756079035088,-0.059453307226684675,272.21539306640625,97088700,267.03016856698025,263.0528936530771
2019-02-19,1738,3635,0.1649065789473684,0.005106299969736833,-0.34926263755894116,-0.03944393601136386,272.6864318847656,59120800,267.9003629235626,263.7664890776466
2019-02-20,1634,3334,0.0753291666666667,-0.04205104697361111,-0.4263918488912859,-0.03984503000555575,273.23602294921875,76610800,268.7212336967405,264.4679360310964
2019-02-21,1741,3363,0.02694516129032259,-0.05130025697634409,-0.4004916692833874,-0.04160737261644626,272.26446533203125,64214700,269.26634625601605,265.0454567200545
2019-02-22,2075,4594,-0.0075441860465116336,-0.03229084706162791,-0.10244916129543795,-0.04017406099262805,273.9525146484375,78114600,269.98729523946554,265.70523878882364
2019-02-25,2460,5502,0.2202632183908046,-0.015599207625287348,0.14379298747671454,-0.02998574053676446,274.3254089355469,69030700,270.654697346555,266.34376991080313
2019-02-26,1994,4311,0.12936956521739135,-0.03968391825108696,-0.17177023024598978,-0.03147776787742946,274.129150390625,56844100,271.1892285841042,266.9204647611603
2019-02-27,3891,9398,0.030697979797979783,-0.049297916160000003,1.1582801696184442,-0.034219329151671085,274.0113830566406,56921600,271.62340619526367,267.44571796823294
2019-02-28,1924,4311,0.009356179775280896,-0.046237321982022475,-0.18510120504417282,-0.0360682511255713,273.5010070800781,69268300,271.9122678698505,267.8942579024437
2019-03-01,1988,3866,0.04910204081632653,-0.07168999086734697,-0.25765979644571196,-0.041548518778152174,275.208740234375,78880500,272.4194174643927,268.4360714085127
2019-03-04,1678,3748,0.11549710144927537,-0.011088876695652184,-0.3391691852117454,-0.02345621068110241,274.2076416015625,106494600,272.6945288701112,268.8635951265164
2019-03-05,3950,12730,0.0553658536585366,0.008658334450487805,1.804070677341854,-0.01851551143008853,273.834716796875,59114600,272.86994239730564,269.2318263613578
2019-03-06,2292,4450,0.09278395061728392,-0.042696847564567916,-0.08854685900590421,-0.022235716989239207,272.1761169433594,75039800,272.76320001977547,269.44992196002454
2019-03-07,1963,4243,0.08104805194805195,-0.1300613612298701,-0.19062403746056295,-0.038824277641643964,269.89923095703125,94885100,272.32258939473786,269.48320410795094
2019-03-08,1639,3357,0.0595987951807229,-0.11607992057590362,-0.4210594589720127,-0.05070976116999161,269.35943603515625,85795800,271.8667196471099,269.4740361025587
2019-03-11,3513,7480,0.0711575342465753,-0.09891767775479451,0.7210241962380403,-0.0529780292932176,273.2655029296875,65098900,272.08191707519876,269.75488549716084
2019-03-12,1783,3088,0.020286206896551723,-0.0885015124954023,-0.44486477111162526,-0.058443180555092164,274.2959899902344,79667500,272.42254367751195,270.0912636077589
2019-03-13,2937,8491,0.03841630434782609,-0.016895685576086956,0.803866682483892,-0.052051258250629825,276.1116027832031,80639200,272.9900912322337,270.5372146577918
2019-03-14,2101,3702,-0.07510795454545462,-0.1578835450784091,-0.2673723637986739,-0.06833314853182663,275.9349670410156,67518400,273.44314904896936,270.93704816766024
2019-03-15,1596,3388,0.06218749999999998,-0.08798630017159091,-0.42334476893741546,-0.07135671032255961,277.2982177734375,81309000,274.0362365450414,271.40824591623635
2019-03-18,2235,4787,0.08514545454545455,-0.013022421193939393,-0.035222959813172035,-0.04840119546489243,278.30364990234375,62199800,274.6927616769341,271.91901658187396
2019-03-19,1823,4475,0.013872289156626512,-0.1673768904753012,-0.17310332772580808,-0.06670514854341686,278.3726806640625,90268100,275.2589030595692,272.3970657731472
2019-03-20,1659,3253,0.027843333333333335,-0.15939512375333337,-0.4370566287298323,-0.08096514472955786,277.5347900390625,84609200,275.6090395179528,272.77763794099275
2019-03-21,2190,5017,0.05097093023255814,-0.1042413378023256,8.902153454576344e-06,-0.08454609750998367,280.6694641113281,79550400,276.38756637847206,273.36221765731386
2019-03-22,1821,3466,0.06021071428571429,-0.061016127662619046,-0.3656406923109946,-0.08092610214885065,275.267578125,122659300,276.2152604933225,273.503355469735
2019-03-25,1910,3949,0.08929999999999998,-0.07559757619094595,-0.25670758396012744,-0.08031362616213032,275.0605773925781,85575200,276.03761693936184,273.6187052417975
2019-03-26,4892,11997,0.05228522727272727,-0.06068506021590911,1.8438731592392863,-0.0772938467857886,277.1109313964844,68125900,276.2027422404576,273.8773886606632
2019-03-27,1338,2875,0.09633614457831326,0.006763028028915651,-0.5701759342145458,-0.06436201989121872,275.6618957519531,72224700,276.11953508837996,274.00957437112913
2019-03-28,11151,13307,0.13836990291262133,-0.03556282817281554,3.285332419917107,-0.05993137501146438,276.706787109375,56238500,276.2098815531484,274.20936790729553
2019-03-29,1669,3289,0.06883170731707317,-0.03937581795975612,-0.4282962738624549,-0.056768981618893884,278.4515380859375,82186800,276.5547517889621,274.5236027353431
2019-04-01,1897,3880,0.09510919540229885,-0.043808312471264356,-0.2723238687237133,-0.04311738507730954,281.75372314453125,77617900,277.35459353597275,275.05916721009777
2019-04-02,1822,3901,0.1423481481481482,-0.018742363397530847,-0.2826077635680259,-0.03936738174195897,281.8917541503906,40070400,278.0526182458832,275.5652847612306
2019-04-03,2385,5538,0.052141935483870964,-0.01628206616344085,0.13636573008915542,-0.035815794729879266,282.3353271484375,68243200,278.71149653858384,276.0667693825052
2019-04-04,1882,4101,0.008735294117647055,-0.11751695906352937,-0.23309271431763176,-0.0483852046273639,283.0845031738281,48997500,279.38426679015987,276.5866015151958
2019-04-05,1819,3779,0.1028876404494382,-0.03529538298651687,-0.3064130757076385,-0.04637138591338743,284.4547119140625,58621700,280.16433527076026,277.1694245077045
2019-04-08,2633,7683,0.1103986301369863,0.0018309039747945188,0.5920946256898986,-0.03500586818065452,284.6715393066406,53566300,280.85775127628034,277.72513671503305
2019-04-09,2553,5698,0.05536363636363637,0.030583237899393923,0.19883086914349882,-0.024915236476031683,283.212646484375,66142300,281.2200428467564,278.1316189201695
2019-04-10,1630,3671,-0.021002150537634396,-0.13627365353483875,-0.362974497351358,-0.042047300638925075,284.1787109375,52601500,281.67522255302464,278.579551662194
2019-04-11,2071,4407,0.14049907407407408,-0.060544873581481466,-0.13882367824476596,-0.044893081091626055,284.0998229980469,55093100,282.048238006105,278.98846065003494
2019-04-12,1804,4190,0.04188192771084337,-0.054966225926506004,-0.23099784684934585,-0.046442795681607585,286.02203369140625,69727800,282.65959118845905,279.50946606050684
2019-04-15,1547,4072,0.04064864864864869,-0.07276407041499999,-0.3024137832681836,-0.04559497425022858,285.8347473144531,49596700,283.1480767463043,279.97800541265104
2019-04-16,2632,5601,0.03298720930232558,-0.0754196383383256,0.1954029041953946,-0.05018338410993581,286.02203369140625,52153200,283.5902239686277,280.4257112110773
2019-04-17,1678,3792,-0.011081818181818177,0.023615861005113644,-0.3307897153386018,-0.03882965409223589,285.3221435546875,58268300,283.85667313571383,280.7884099031966
2019-04-18,2195,4655,0.057676842105263186,-0.07025229236631575,-0.06797906931727894,-0.04366390613440202,285.8840026855469,68708500,284.1685699895343,281.16586122040775
2019-04-22,1788,4476,-0.012321212121212117,-0.08008853701590912,-0.1795783726277827,-0.04095774596549572,286.13043212890625,40160100,284.4703949340531,281.53360721362986
2019-04-23,2589,5520,0.044891250000000014,0.009003658504999993,0.17178803455289893,-0.033271376046957915,288.7032165527344,52246600,285.1215982600041,282.0646893868969
2019-04-24,1731,3700,0.06958989898989898,0.02403851761777779,-0.3382169727261609,-0.02445446932930627,288.0625,50392900,285.5740446815419,282.5089716545341
2019-04-25,2468,5564,0.06654999999999998,-0.017784643567999983,0.15712396227489758,-0.023428342289105304,287.885009765625,57770900,285.9295777714009,282.9071966998001
2019-04-26,2278,4825,0.17350430107526882,0.00489944059247312,-0.01979711754670309,-0.019070221845785544,289.2256774902344,50916400,286.4366700358368,283.37523231390634
2019-04-29,2041,4809,0.057168421052631584,0.03634291094026318,-0.06797906931727894,0.00479585598426121,289.6790771484375,57197700,286.93550189931386,283.84218378313085
2019-04-30,1739,3791,0.0202195652173913,-0.031435748882608666,-0.3193631655115877,-0.0007782370721803097,289.82696533203125,81111700,287.38034242742424,284.2855009349012
2019-05-01,2292,4748,0.10559183673469387,0.059037756489795916,-0.03179499486506782,0.008424223475816034,287.64849853515625,71671900,287.4215972132292,284.5346118682534
2019-05-02,2211,5130,0.09560000000000002,0.004553278990476181,0.025528196767119257,0.007828693554994519,287.0274658203125,65030200,287.3609616143189,284.7192677165541
2019-05-03,2211,4900,0.09803896103896106,0.04524283358428572,-0.01827357756976788,0.013584715097962396,289.8368225097656,56543700,287.74186329054146,285.0983458493846
2019-05-06,2751,5835,-0.0970828947368421,-0.13760302716934208,0.2626291056776605,-0.008687502486700973,288.6440734863281,107198100,287.880664859124,285.36099234101005
2019-05-07,2479,5498,0.015465853658536593,-0.08165758293414635,0.14664962493346806,-0.019913668709384876,283.8238220214844,144729900,287.25653519179485,285.247127872897
2019-05-08,1766,3730,0.06671630434782609,-0.1218626929858696,-0.32583821041356237,-0.03559813398269022,283.42950439453125,91568300,286.66776122298506,285.11248909672173
2019-05-09,2026,4457,-0.03906632653061226,-0.05090913222040815,-0.13787146575918147,-0.03795367217310836,282.5718994140625,103471100,286.03762863699694,284.9242972683766
2019-05-10,1769,3935,0.02650256410256411,-0.032242526736923086,-0.28622617101324704,-0.037075034413695244,283.99139404296875,112429300,285.72282331483876,284.8551933257538
2019-05-13,3367,5972,0.04140307692307692,-0.09374663199692308,0.40603230600668666,-0.04626351195119318,276.8546142578125,127290500,284.35848345991167,284.2625578392396
2019-05-14,3160,5684,-0.05353068181818184,-0.23631467191818178,0.31176326993382086,-0.07550215194611451,279.3583984375,77003200,283.58923961030985,283.8992867724441
2019-05-15,1560,3346,-0.02697972972972975,-0.13372830417702702,-0.43819928371253375,-0.08446002152010104,280.9947204589844,73956400,283.1900828177982,283.6841337121878
2019-05-16,2353,4835,-0.00029528301886792656,-0.04068710360754721,-0.0036095052917665352,-0.07772572645663121,283.59710693359375,76749600,283.252701912536,283.6776872841438
2019-05-17,1777,3865,0.05322168674698796,-0.09151915579036143,-0.2980336058344949,-0.07984779250797432,281.7636413574219,100353000,283.0236156732877,283.53590610438664
2019-05-20,2999,4864,0.07092121212121213,-0.13345908502196968,0.12493918026214137,-0.08179937055897425,279.90057373046875,62877600,282.54314768208474,283.2666222248372
2019-05-21,1967,4336,-0.03838421052631579,-0.1076687244968421,-0.17215111524022358,-0.08577927116480007,282.424072265625,46847100,282.5248283872448,283.2042111167474
2019-05-22,2098,3953,0.08578876404494386,-0.11653792480561799,-0.22014262451368252,-0.0905113717249259,281.5566101074219,49482500,282.3758717288105,283.08216659753805
2019-05-23,2303,4403,-0.032059340659340664,-0.20375868726923077,-0.09540278890211262,-0.10793403565481896,278.11639404296875,98733800,281.72056746945026,282.7143315934959
2019-05-24,1878,5335,-0.000769512195121945,-0.11697704838378045,0.00115155713615598,-0.1093252683823515,278.7472839355469,55268100,281.2631392334651,282.4204762114256
2019-05-28,2308,5853,0.13921621621621624,-0.060484128866216194,0.18169104440297776,-0.06984889007432106,276.1547546386719,70029400,280.4772339111892,281.9563486875179
2019-05-29,1833,4010,0.01748648648648648,-0.13727836276351355,-0.2597546639139979,-0.0802226551034276,274.30157470703125,104972900,279.5271324951649,281.38932839266704
2019-05-30,1958,3996,-0.0012736263736263815,-0.10222414759384617,-0.23861554673402188,-0.08360750010195353,275.0507507324219,62523800,278.8384583778198,280.91980412153777
2019-05-31,2789,4780,-0.01888539325842696,-0.19792768202808989,0.0689490861097726,-0.10119522039828219,271.3443298339844,86862800,277.68551552492204,280.21050972986717
2019-06-03,2440,5777,0.01778636363636363,-0.08165908612727273,0.1923558242415242,-0.09548881723530711,270.6543273925781,96428000,276.60379427379223,279.5026443715495
2019-06-04,2828,6291,-0.0225921568627451,-0.10124718466862746,0.36413495664096857,-0.0963747199173564,276.52935791015625,77231900,276.5923425255405,279.2824009299648
2019-06-05,2567,6284,0.025884444444444446,-0.05319099417333335,0.31309636741363917,-0.0897310698028913,278.9246826171875,71169700,276.9511640781016,279.2559032771665
2019-06-06,1737,3540,0.008177,-0.12542218930799998,-0.3675451172821636,-0.0952220112652157,280.7384338378906,69430400,277.53382096422297,279.3657203557387
2019-06-07,2000,4658,0.028828735632183907,-0.0008548341609195437,-0.10454402876372386,-0.0807039840184009,283.54779052734375,74272200,278.45904705085695,279.67550333141315
2019-06-10,3455,6970,0.030101428571428557,-0.03126148837485714,0.6128528578756407,-0.05474563870176778,284.8489990234375,60799100,279.4421165851001,280.05872523452604
2019-06-11,1700,3747,0.044977631578947345,-0.06888382057236841,-0.3351698927722905,-0.05692074360493711,284.7799987792969,58641300,280.26332923036114,280.4084492008053
2019-06-12,1276,2960,0.012743589743589747,-0.053282768761538465,-0.5657957567808571,-0.05636105516749117,284.27728271484375,46984700,280.88086053566616,280.6950294611044
2019-06-13,1345,2962,-0.019163157894736837,-0.08647219687236847,-0.5522743394855572,-0.060993538506703054,285.45025634765625,48945200,281.58384450674157,281.0472684897379
2019-06-14,2308,5689,-0.008264102564102566,-0.13555277570858973,0.15045847487580605,-0.07246419038391638,285.1348571777344,52324700,282.1301541484328,281.3500528369969
2019-06-17,2317,4841,0.10119189189189189,0.010394409450000001,-0.009322780205273554,-0.06197616916419507,285.2432556152344,39205700,282.609092835633,281.6384382279775
2019-06-18,1963,3951,0.017118888888888892,-0.015423590604444438,-0.24623324661869792,-0.054814234001156516,288.2300720214844,85434800,283.4738588642255,282.1267073978669
2019-06-19,1568,3203,0.06123670886075949,-0.030412717551772148,-0.4639090208233153,-0.051060154547405076,288.8806457519531,78674400,284.3056722315682,282.6269991277992
2019-06-20,1837,3791,-0.04932790697674419,-0.08424247584651164,-0.3006998007941315,-0.056165127054959935,291.6407165527344,116570000,285.43414058867074,283.2946819000166
2019-06-21,1337,2742,0.006312307692307686,-0.13729886424923077,-0.5956952288282106,-0.06864724046946315,291.216796875,83309500,286.3237800173368,283.8815052314968
2019-06-24,2040,4383,0.0014328358208955186,-0.07523466740298507,-0.14929801558619551,-0.06795240771772804,290.8601989746094,47582700,287.021690626148,284.39844550876444
2019-06-25,1538,3412,0.03750400000000002,-0.015184257753333342,-0.4298198138393901,-0.059834230800128854,288.0074768066406,82028700,287.17335003853145,284.665781160459
2019-06-26,2252,5517,-0.02100533333333333,-0.09294715742666669,0.10703758553315272,-0.06492852720421159,287.7201843261719,51584900,287.25747839047614,284.8920332468081
2019-06-27,1912,5650,0.04682105263157894,-0.04492671185263158,0.0676159886299543,-0.061851324842430055,288.7404479980469,40355200,287.48562756087165,285.17710100615915
2019-06-28,2349,5785,0.0567775,-0.09360632246750002,0.17654909698082144,-0.06673670909244081,290.2262268066406,59350900,287.90725821406687,285.55111032471336
2019-07-01,1634,3566,0.01898709677419356,-0.02675196696451613,-0.382209189560165,-0.05345871152051711,292.861083984375,79107500,288.66938525565274,286.0925898550587
2019-07-02,1725,3851,0.020574603174603166,-0.0073637599698412855,-0.3106028106442103,-0.04636718051272083,293.623779296875,61504500,289.43159972353305,286.65045573963766
2019-07-03,1850,4422,-0.01634125000000001,-0.08597608229,-0.17805483265084748,-0.05246085770922532,295.9713439941406,40898900,290.43771422670346,287.34089190663786
2019-07-05,2475,4904,0.06777538461538461,-0.10354535801169229,0.03276501165756148,-0.05977408499023533,295.6345520019531,51677300,291.237227730588,287.95523709888346
2019-07-08,1810,3984,0.07733770491803281,-0.07164593780983605,-0.269086346272726,-0.0658951054111722,294.0101013183594,45841800,291.66382366716823,288.4037455595854
2019-07-09,1641,4020,0.06000555555555555,-0.006701246864777784,-0.29441519838927377,-0.05678835794249614,294.3765869140625,41101300,292.0811718589981,288.8461782525096
2019-07-10,1572,3589,0.013798876404494377,-0.0974632624213483,-0.3896364469477241,-0.06304603555462725,295.7831115722656,58448500,292.65070104565467,289.36002516508415
2019-07-11,1630,3542,0.016036250000000002,-0.06815610785500002,-0.3875415794794382,-0.06383220052391536,296.47650146484375,50826100,293.2392857255299,289.887171557659
2019-07-12,2623,5288,-0.033803947368421045,-0.10746984948460526,0.1340804201237526,-0.07054568497940612,297.8038024902344,40326000,293.941519073946,290.4735886637757
2019-07-15,10027,31047,0.07867647058823532,-0.0856611933927941,6.449724952011527,-0.06433847336684805,297.9028625488281,33900000,294.55095653162016,291.02390524785363
2019-07-16,12893,30982,0.058522222222222225,-0.1296790139557875,6.983154386435966,-0.0743908642266849,296.9420471191406,36650100,294.9188166220079,291.46228612720824
2019-07-17,1475,2979,-0.05788787878787877,-0.13554236332323233,-0.5242792924093728,-0.08379878716461527,294.9213562011719,36036300,294.9192073264947,291.7185135400945
2019-07-18,2455,8695,0.01736268656716418,-0.0919631891149254,0.7509236682853937,-0.08505484900312452,296.00103759765625,51392600,295.08564275282725,292.0357375443583
2019-07-19,1521,3402,0.061902631578947355,0.017268113931052625,-0.4349617612615464,-0.0693128547055588,294.3567810058594,58678600,294.97351017637067,292.2076666896547
2019-07-22,1947,4428,0.156775,0.016059054496406246,-0.15843925544780674,-0.0432051341209468,295.079833984375,43638100,294.9898676852944,292.4204198225969
2019-07-23,1232,2935,0.08119166666666666,0.0034636378402777587,-0.5789362890819233,-0.03602532304998918,297.1896667480469,44564500,295.32829831033325,292.7736973726302
2019-07-24,1892,4179,-0.030681818181818185,-0.009497624804285707,-0.2163337745713445,-0.03194413870449633,298.5863342285156,47213200,295.82953460543825,293.2042630656587
2019-07-25,1501,3250,0.03855641025641026,-0.0775324813717949,-0.4677178707656533,-0.03895772988408073,297.15997314453125,55394100,296.0342174576064,293.4972786270567
2019-07-26,10554,27003,0.035320779220779225,0.013005077289220773,5.779938689651388,-0.03096345185741896,299.15093994140625,45084100,296.5137132243449,293.91606835404554
2019-07-29,1617,3733,0.13796666666666668,0.00399982327936508,-0.35364281499262984,-0.022328753576854155,298.60614013671875,38126500,296.8356250570178,294.263481078688
2019-07-30,1430,2935,0.04482345679012346,-0.07799857381481483,-0.5412286746527769,-0.03089334130577118,297.8731384277344,45849000,296.9952424986665,294.5308631045433
2019-07-31,2076,4417,0.08178101265822786,-0.04317751217848102,-0.13596704078801247,-0.03278321374772654,294.6142883300781,104245200,296.62894185734524,294.5370427508792
2019-08-01,1909,3570,-0.05088690476190477,-0.20042345755375,-0.32907573286454966,-0.05857402048711476,292.048828125,142646600,295.92430897544597,294.35273055636964
2019-08-02,2506,4850,-0.048764705882352904,-0.15631920472399993,0.02838483422387277,-0.07361174113894325,289.849853515625,116749700,294.9897773662427,294.0191841089071
2019-08-05,1626,3462,-0.12786153846153844,-0.21992128614307693,-0.4035387492372578,-0.09601150332238154,281.1331481933594,178745400,292.8579882627222,293.06466292997766
2019-08-06,2906,5476,-0.09613294117647055,-0.2382368998188235,0.2237788362658128,-0.11789233355260337,285.0754699707031,120711700,291.6606777562577,292.4728708589203
2019-08-07,2286,5929,-0.017390123456790134,-0.10433050383333334,0.1919749392472904,-0.1158058982111772,285.2438659667969,140572300,290.6734759424945,291.93738901505935
2019-08-08,1744,3841,-0.024056000000000008,-0.13441877089333337,-0.3088888281701582,-0.11866941708535508,290.8403625488281,87713900,290.6991508050074,291.8561277953385
2019-08-09,1418,3103,-0.042378666666666676,-0.16694373637866675,-0.5115196451025404,-0.12609623543817228,288.8592834472656,93730000,290.41609428843174,291.63413932511094
2019-08-12,1749,4009,-0.031312499999999986,-0.08915416913392858,-0.2759422761689344,-0.10466923453667618,285.3429260253906,62629500,289.63560686334847,291.16812352513165
2019-08-13,4688,6717,-0.0695972972972973,-0.20389350028918907,0.7994865050502034,-0.11993450619090892,289.7804870605469,94299800,289.65789612445593,291.06533563886615
2019-08-14,3465,5698,-0.16212159090909087,-0.1605073783193182,0.37251442651411215,-0.1261764865183565,281.2123718261719,135622100,288.35858469395066,290.3354864675555
2019-08-15,2218,3617,-0.22850144927536237,-0.2431085920463769,-0.26127820389093304,-0.14416604121497503,281.9552917480469,99556600,287.3734627022732,289.71473130314746
2019-08-16,1757,3319,0.002108955223880595,-0.13470626820298504,-0.4058240592026606,-0.14271069152082272,286.1155090332031,83018300,287.17993136857007,289.44812224611456
2019-08-19,2670,5991,-0.003060000000000007,-0.044108463777076924,0.27691229296142805,-0.09161611488409516,289.56256103515625,53571800,287.5464897788141,289.456599193451
2019-08-20,2835,4218,-0.0498094117647059,-0.13214394379529423,-0.02931924240254812,-0.0978511654858181,287.34381103515625,51596400,287.51530843363594,289.3000963669106
2019-08-21,1939,3715,0.05117469879518073,-0.13661089969012047,-0.29574829586909207,-0.10381420151724922,289.68145751953125,49524700,287.8485621391583,289.3283453411788
2019-08-22,2792,9468,-0.048106756756756776,-0.062458585236486466,0.9623148400851533,-0.0974517990125165,289.59228515625,51666400,288.11682721871085,289.34789643859153
2019-08-23,2426,5201,0.007317808219178088,-0.16805796931821912,0.07999475094255283,-0.10831428675185537,282.1534118652344,149161500,287.19937870279136,288.8149716553799
2019-08-26,2864,6493,-0.011469999999999996,-0.05117189559185712,0.4094602709547909,-0.08932408859510867,285.2735595703125,72423800,286.90309883625616,288.5526448342638
2019-08-27,2141,4837,-0.012330136986301362,-0.018984255431506857,-0.04360242968631566,-0.0785025758007084,284.1542663574219,66668900,286.4802015318201,288.2268390211644
2019-08-28,1796,3539,-0.04986329113924051,-0.1531088968683544,-0.35649945244938336,-0.08998047134957701,286.1551513671875,59696700,286.43019381418435,288.07338067642536
2019-08-29,2734,4605,0.00835000000000001,-0.15582843248026315,0.025147311772885456,-0.1001109269081441,289.8102111816406,57899400,286.9501964861007,288.2020347879228
2019-08-30,1755,3314,0.0189125,-0.09281117060277777,-0.4071571566824789,-0.09898788747654928,289.68145751953125,62901200,287.3703904912439,288.3116216569308
2019-09-03,1204,2762,-0.0221,-0.060176103193333344,-0.6172152310024203,-0.07750502406719113,287.9876403808594,69101400,287.4653520127232,288.28762304388846
2019-09-04,2961,7408,-0.08485783132530124,-0.20062449243373495,0.6021880780370943,-0.09644648073896711,291.25640869140625,46887300,288.0485915017514,288.50753309185274
2019-09-05,1431,2698,0.028349295774647888,-0.020291944164788744,-0.5861731039723656,-0.08473039818909352,295.0006103515625,83258100,289.1181328632608,288.98850177775716
2019-09-06,1829,3819,0.020508139534883712,-0.1837711790651163,-0.29689095085179346,-0.09996744140078934,295.2284240722656,49584300,290.05817766464617,289.450718244017
2019-09-09,1182,2673,-0.02169552238805971,-0.10954035944626865,-0.6383543481823962,-0.09676120901798138,295.37701416015625,51260300,290.876460202417,289.88970312669403
2019-09-10,1706,3504,-0.06901624999999999,-0.03937894038625003,-0.3803047645889959,-0.08793316769002271,295.3077087402344,57947100,291.5581907466966,290.2910368758452
2019-09-11,3300,7959,0.03997582417582418,-0.06628369512307691,0.7716819004711358,-0.08460247960280029,297.4075927734375,68821100,292.45809875081056,290.81818916455575
2019-09-12,1543,3358,0.03536835443037976,0.014217454526582282,-0.4391514961981182,-0.0693994128136645,298.4377746582031,72908700,293.37804889040945,291.38260290482594
2019-09-13,1897,3955,-0.01849493670886075,-0.11590525024683543,-0.25804068143994574,-0.07655415703415235,298.2396545410156,62104800,294.12598822127194,291.8905326556548
2019-09-16,1463,2938,0.0029521739130434735,-0.08450603279797102,-0.5343727447565685,-0.06334371586045157,297.3184814453125,55597700,294.61714102497046,292.2926029363702
2019-09-17,1599,3207,-0.01464189189189189,-0.0650534311081081,-0.4572435334242238,-0.06360674897547565,298.0712585449219,41475500,295.14854372034756,292.7206514999666
2019-09-18,1282,2637,0.01295057471264367,-0.1367403308390804,-0.6261660283669146,-0.07485806926218408,298.24957275390625,73375800,295.62562511012584,293.13020122248065
2019-09-19,1800,3914,-0.0885378947368421,-0.14915487445263156,-0.28432174604207805,-0.08628834698379138,298.229736328125,76560500,296.02625760520266,293.50794456363946
2019-09-20,1531,3278,-0.1008720930232558,-0.07873539765813953,-0.4566722059328731,-0.08512635477984494,296.8206787109375,89565000,296.14847623685415,293.7533322782541
2019-09-23,2540,8557,0.029295081967213123,-0.1080748695081967,0.740830215938198,-0.07810801056748592,296.7510070800781,43476800,296.2411732896578,293.9753822635744
2019-09-24,4924,11109,0.07219078947368421,-0.11487556942894743,1.6808543817072195,-0.08376455808463384,294.4224548339844,94869400,295.96137045032344,294.0084987502714
2019-09-25,1785,3928,-0.0322988888888889,-0.1414619458433333,-0.2845121885391949,-0.09264107927827991,296.1639099121094,71854000,295.9925303675213,294.1681588363335
2019-09-26,1412,3353,0.028895652173913027,-0.020159653315217407,-0.4650516758060167,-0.08149009066857799,295.54693603515625,56179700,295.92397739331125,294.27029048069073
2019-09-27,7058,13822,0.017716867469879532,-0.09559492939156625,2.6039291652328367,-0.08366006585673003,293.95477294921875,84746600,295.6210228634509,294.2469188116928
2019-09-30,2472,5932,0.02506956521739132,-0.10419640990434782,0.22796857120238462,-0.08670988517755115,295.31805419921875,51662400,295.57441229972284,294.3262621737318
2019-10-01,1955,3993,-0.05564578313253013,-0.10500597502168678,-0.2397582017167233,-0.0895246682304951,291.8053283691406,88242400,294.99455323347945,294.13952633635466
2019-10-02,2493,5191,-0.023988235294117637,-0.19195499814117645,0.09084997327821617,-0.10528318052444607,286.6506652832031,122539500,293.7108781642062,293.5847958879731
2019-10-03,2048,3550,-0.052504054054054054,-0.15381888995270265,-0.3064130757076385,-0.11275021274417785,288.9991455078125,85278800,292.9859962170687,293.2451180820353
2019-10-04,2092,4045,0.0317890243902439,-0.17131981123,-0.20376456976162907,-0.1217609202035351,292.909912109375,65091200,292.9742909697312,293.2202880099864
2019-10-07,15645,24848,-0.003954999999999995,-0.08394206669499997,6.339077861186608,-0.10532948694820328,291.6460876464844,59610500,292.769951996924,293.1036805756529
2019-10-08,1719,3630,-0.08208266666666665,-0.1543380277653333,-0.35383325748974676,-0.11286926245853098,287.1183776855469,95708100,291.9004790259429,292.6603248060154
2019-10-09,2771,5213,0.03530875000000001,-0.07832185260874999,0.14798272241328636,-0.10755427632779545,289.844970703125,62359400,291.5842469762786,292.45178005765314
2019-10-10,1702,3110,0.006746478873239411,-0.17578605866478875,-0.45610087844152236,-0.1180514736104098,291.8053283691406,55296300,291.61825949825743,292.40389474739294
2019-10-11,1381,2930,0.008459756097560979,-0.06769720550731705,-0.5515125694970896,-0.11030466313301092,294.8304443359375,98720400,292.1124417809774,292.5836391613592
2019-10-14,2347,6147,0.0068764705882352825,0.027929230325441166,0.24510839594290565,-0.08134625036021252,294.5020751953125,40394800,292.48007769087513,292.7257455342446
2019-10-15,1335,2931,-0.0006329268292682907,-0.0841241111304878,-0.5600824818673501,-0.08177361355563949,297.4177551269531,46754500,293.2397203733487,293.07330180037115
2019-10-16,3245,7860,0.019442045454545438,-0.13892863915215906,0.7423537559151332,-0.0905666944166425,296.9400939941406,48928200,293.8090086227013,293.3597308517615
2019-10-17,1738,3769,0.11728958333333338,-0.03661194365895836,-0.32374334294527646,-0.08226596353084495,297.8157958984375,45736600,294.42543743435306,293.6898097441079
2019-10-18,2388,3729,0.10617000000000003,-0.09534971955249996,-0.2075734197039671,-0.08427884907263802,296.51220703125,64304000,294.7464789107987,293.8988762098221
2019-10-21,10523,25222,0.06632753623188405,-0.09203610826617392,5.434856884875564,-0.07796414223376835,298.5223083496094,39048600,295.32737574753884,294.24135266462116
2019-10-22,2878,4963,-0.024545348837209307,-0.07856682438953486,0.12074944532556957,-0.07805686256542474,297.547119140625,48594700,295.66887473109057,294.48622425543624
2019-10-23,2356,4321,0.05262197802197804,-0.04719586673626375,-0.10092562131850275,-0.07330901705324613,298.412841796875,34352200,296.091023510442,294.77708481406137
2019-10-24,1349,2920,0.007736708860759491,-0.07737693331645566,-0.5595111543759994,-0.07393485032450914,298.90045166015625,35453100,296.5232432257827,295.08251939525354
2019-10-25,2039,4710,-0.018283132530120476,-0.12469496341445789,-0.0872137615260859,-0.08174409849219356,300.12445068359375,45205400,297.07727514236905,295.4559957869825
2019-10-28,1737,4253,0.08291969696969695,-0.05545645065151515,-0.23175961683781346,-0.06048632268831461,301.81610107421875,42147000,297.80632528573057,295.9271146971481
2019-10-29,1868,4365,0.03491521739130434,0.0002021571315217439,-0.18548209003840663,-0.051149633485262865,301.7265319824219,44284900,298.4094340082985,296.35670116272394
2019-10-30,2023,4682,0.10589302325581396,-0.12725840084069764,-0.09559323139922953,-0.06285867461686821,302.6520080566406,49643900,299.06213770804345,296.8230201919029
2019-10-31,1714,3411,0.03603942307692308,-0.0803719470701923,-0.3964923768439325,-0.06555302422507192,301.845947265625,69053800,299.49041610151755,297.1950888640305
2019-11-01,2233,5135,0.05260112359550562,-0.06672671566067416,0.030670144189275574,-0.0657335921382415,304.6422424316406,71141500,300.28300476769033,297.74672986903863
2019-11-04,1777,4385,0.028356249999999982,-0.06501764706790625,-0.19900350733370656,-0.06511679472903611,305.8662109375,60606900,301.1419595630457,298.3481729111469
2019-11-05,1928,5035,0.03410731707317073,-0.02117141130975609,-0.046459067143069174,-0.05835596651068534,305.5278625488281,42933200,301.81671386855066,298.88000177319736
2019-11-06,2405,7711,0.14463689320388348,-0.08788270199611654,0.5540061262665185,-0.06289854120075168,305.5975341796875,46487100,302.3983785318025,299.3775967662707
2019-11-07,1932,5073,0.06081752577319587,-0.0661616863804124,-0.038460482264159344,-0.0634005635360841,306.6722412109375,54272300,303.05589586705406,299.91794079920896
2019-11-08,1333,3165,0.07200632911392406,-0.04106710294430379,-0.5158998225362291,-0.05996464652196405,307.42852783203125,49032100,303.72860847705056,300.474280579418
2019-11-11,1362,3370,-0.007346666666666659,-0.04636535856099999,-0.4713362782108744,-0.046988385558119794,306.8414001464844,35797300,304.2074995031173,300.9459190658673
2019-11-12,2259,5417,0.04320379746835442,-0.06976025910506328,0.08932643330128097,-0.050491750719188024,307.48822021484375,46484600,304.7122257664598,301.4305339657915
2019-11-13,1488,3504,0.10174235294117644,-0.0987960812788235,-0.4218212289604803,-0.05792318618990117,307.5877380371094,53917700,305.1546122696367,301.8866231562595
2019-11-14,1624,3567,0.11338977272727271,0.01840271475338636,-0.38392317203421705,-0.04618073989093385,308.0355224609375,51219900,305.5978292221445,302.3420971788282
2019-11-15,1622,3424,0.030885915492957744,-0.07283465892070422,-0.41153733411616766,-0.050281342818590834,310.26458740234375,62023600,306.31579201909824,302.92894830649607
2019-11-18,2218,5185,0.014548611111111102,-0.014100717013194443,0.0373356315883671,-0.04763997759196626,310.4934387207031,49228000,306.9585068962682,303.4892809297707
2019-11-19,1562,3961,0.11604545454545448,-0.006082605710227271,-0.320696262991406,-0.041246535764006415,310.4039001464844,67804700,307.48856739630145,304.0014749458236
2019-11-20,3327,5502,-0.0013094117647058994,-0.07292935152247061,0.30890663247706734,-0.046120815111462446,309.2495422363281,79406200,307.7594866024594,304.39022067104617
2019-11-21,2892,8803,0.009900000000000006,-0.09082223344410002,0.8547148292141045,-0.052997956393406695,308.75201416015625,54664700,307.9121831497974,304.7133164850543
2019-11-22,6789,13045,-0.000880000000000001,-0.09767256136588234,2.404726313248559,-0.05987097254301833,309.4386291503906,44850200,308.1470209960425,305.06333964544956
2019-11-25,2082,4826,0.0449015873015873,-0.02748076373650794,-0.056933404484498705,-0.05808295765990359,311.83685302734375,48647200,308.7146874623965,305.5650813774417
2019-11-26,4725,15479,0.005215384615384621,-0.10378587842115383,2.475190037181812,-0.06511417623855748,312.5433654785156,37569000,309.3037148494917,306.08199131085456
2019-11-27,1989,4012,0.026542465753424664,-0.03825745849726027,-0.22966474936952755,-0.060982373509127136,313.9365234375,44444600,310.01645463226225,306.6638085054209
2019-11-29,1233,2974,0.16606515151515158,-0.0758177242030303,-0.5713185891972472,-0.04340291512853948,312.7722473144531,36592700,310.4404227372147,307.1162854542381
2019-12-02,1566,3561,0.049056451612903236,-0.05730184394999999,-0.3961114918496987,-0.042373014573983916,310.1153259277344,75767800,310.39040784344854,307.338436600423
2019-12-03,8741,24700,0.06219240506329115,-0.08503472327215192,4.996077371518225,-0.04893635437370207,308.0355224609375,73941700,310.0281177846007,307.39007259009077
2019-12-04,1708,3786,0.04841891891891893,-0.0873550936216216,-0.32621909540779614,-0.05484692964261277,309.9361877441406,49080000,310.013974701453,307.57867371261295
2019-12-05,1029,2445,0.044241558441558436,-0.015725655351688305,-0.7109129395839354,-0.04882827205939362,310.4934387207031,40709000,310.0877383967222,307.7945822317308
2019-12-06,5216,10914,0.005109999999999996,-0.13165228965571427,1.6993273039275587,-0.06157042861267372,313.3294982910156,48927000,310.58647068815196,308.2045760139
2019-12-09,1824,3862,0.007545833333333335,-0.07822433722499998,-0.28965413596135126,-0.05589797051952453,312.3443603515625,34838500,310.8569152517536,308.51122670557874
2019-12-10,1471,3152,0.05128452380952381,-0.0407388209095238,-0.4920945103966166,-0.0535657936564475,311.9960632324219,52649800,311.032168787241,308.76936274460417
2019-12-11,2804,4577,0.01902911392405064,0.012587642445569614,0.033145896651795285,-0.04338834194844487,312.8817138671875,53429100,311.3167141841559,309.07398134627704
2019-12-12,2046,4824,0.1286962962962963,0.05703096431728397,-0.06417021937494093,-0.027939217907563506,315.5784606933594,96389600,311.97236749326413,309.5557946312461
2019-12-13,1368,2794,0.1971833333333333,0.19596873444444446,-0.5798885015675078,0.006508159377360798,315.76751708984375,81503900,312.5562366619687,310.0159222207718
2019-12-16,1761,4294,0.04002769230769231,0.037142466438461516,-0.2193808545252149,0.0228098523070052,317.9368591308594,82749700,313.38402473410576,310.6026582881857
2019-12-17,2418,4253,0.04604225352112675,-0.07339390398028169,-0.10206827630120414,0.008009274416653372,318.00653076171875,61097700,314.0951795075847,311.1510932862252
2019-12-18,1239,2787,0.08437611940298512,-0.06084428417910449,-0.6057886811754063,-0.0025835807519247614,318.0263977050781,48133000,314.6999823071991,311.6603750950291
2019-12-19,2358,7631,0.161596,0.04024069349599999,0.5298199291326721,0.004004769132371355,319.3299865722656,85310500,315.41229065567086,312.2284944637133
2019-12-20,1680,4145,0.09747600000000005,-0.029421194537333342,-0.2631826288621021,-0.0011376868168139834,320.7300109863281,147142100,316.230401475772,312.8582364283514
2019-12-23,1654,4122,0.09234000000000002,0.01891584715666667,-0.2725143112208302,-0.007569120997853764,321.2200012207031,52990000,316.9980322057614,313.47762641297004
2019-12-24,2672,4153,0.09245555555555554,-0.025747165768518546,-0.07274013174520146,-0.010365743270263732,321.2300109863281,20270000,317.6491058643101,314.05187712210767
2019-12-26,1205,3617,0.008295348837209303,-0.07777014904186048,-0.45419645347035337,-0.015483619395483931,322.94000244140625,30911200,318.46308995309414,314.7102567753891
2019-12-27,1669,3044,0.054125000000000006,0.05397628025208332,-0.47495468565609555,-0.004797480988165891,322.8599853515625,42528800,319.13953539901235,315.3139403736241
2019-12-30,1846,6655,0.05457,0.059214202199999996,0.24644149342272398,-0.00010203978973737093,321.0799865722656,49729100,319.43806634874363,315.7410549068568
2019-12-31,1344,3253,0.03202105263157896,-0.006729356524561393,-0.497046015321656,-0.0011216269797102974,321.8599853515625,57077300,319.81066927225424,316.194309013872
2020-01-02,1859,4467,-0.009615789473684215,0.003948911928070181,-0.16777093780653485,-0.0034277248109859776,324.8699951171875,59151200,320.5890270945517,316.83695242893236
2020-01-03,8847,31444,-0.1880676470588235,-0.1690742730367647,6.3006084767689945,-0.028911809153413473,322.4100036621094,77709700,320.86917733571437,317.2497710387973
2020-01-06,1345,3613,-0.009160655737704925,-0.020333532853114757,-0.4282962738624549,-0.04315730958727977,323.6400146484375,55653900,321.2954599992102,317.7231224172892
2020-01-07,1626,3954,-0.0552635294117647,-0.11435375386588237,-0.3098410406557427,-0.054110608707064786,322.7300109863281,40496400,321.51616015107453,318.0940030520328
2020-01-08,2448,5235,-0.0393074074074074,-0.1430406655703704,0.09065953078109927,-0.06779215591680411,324.45001220703125,68296000,321.96752200583705,318.56481854499566
2020-01-09,1675,3698,-0.046359740259740254,-0.06968221166753247,-0.34926263755894116,-0.06808293372460847,326.6499938964844,48473300,322.6879022967059,319.1637204228837
2020-01-10,3396,6101,-0.028737500000000006,-0.15791270982000002,0.43612222055115696,-0.08190289927774563,325.7099914550781,53029300,323.1528390903016,319.6486293882315
2020-01-13,2084,5595,0.06983472222222221,0.09910111599305556,0.08989776079263166,-0.053795857239035696,327.95001220703125,47086800,323.8908657236446,320.2635466340685
2020-01-14,3675,6600,-0.05902298850574714,-0.0038498589850574504,0.5842864833081056,-0.04611185750765443,327.45001220703125,62832800,324.4384267210887,320.79587741725095
2020-01-15,1597,3681,0.007811688311688318,-0.026798027645714286,-0.3673546747850467,-0.043140499067355946,328.19000244140625,72056600,325.0155922165222,321.3435903820032
2020-01-16,2073,5557,0.07162758620689655,0.0007670145954023042,0.08056607843390354,-0.03638549696539314,330.9200134277344,54050300,325.9239647105548,322.0529550520573
2020-01-17,2047,5682,0.03491866666666665,-0.01034193385733333,0.09941988564847669,-0.03237879494876855,331.95001220703125,95846000,326.85104894078194,322.7860703968702
2020-01-21,1546,3741,0.05505079365079365,-0.08138866983492064,-0.3656406923109946,-0.03523058880125914,331.29998779296875,77742400,327.5355010718876,323.4167309447293
2020-01-22,4045,10395,0.057165000000000014,-0.043514674669790025,1.3774794837999966,-0.036505063550263894,331.3399963378906,48914900,328.12080803588805,324.0036394923709
2020-01-23,3501,6227,-0.03854742268041235,-0.061726120064948466,0.480114437385161,-0.0403852260909846,331.7200012207031,51963000,328.6745300643212,324.57522184261774
2020-01-24,1730,4998,-0.04169705882352942,0.0011255652485294093,-0.09121305396554082,-0.033998950500290136,328.7699890136719,87578400,328.68921605652895,324.8859453367699
2020-01-27,1998,4766,-0.09638955223880598,-0.15480091872441798,-0.08435712406933239,-0.04840266369050898,323.5,84062500,327.89087512475527,324.78328271923135
2020-01-28,1796,4036,0.02490454545454545,-0.13137716276515143,-0.2618495313822838,-0.06116797124045398,326.8900146484375,63834000,327.73689658993715,324.9393369362096
2020-01-29,2440,4952,0.0627010752688172,0.007913479852688178,0.03524076412008119,-0.05054005568766287,326.6199951171875,53888900,327.5650655941295,325.0638301348005
2020-01-30,6077,15860,-0.005908235294117646,-0.049717320129411754,2.8052268846854007,-0.050413480986393464,327.67999267578125,75491800,327.5827466836144,325.25761995265094
2020-01-31,4748,10459,0.0985527027027027,0.013915965878378372,1.5235488790886595,-0.040516643007197796,321.7300109863281,113845600,326.6823258071088,324.9963155847752
2020-02-03,2991,10004,0.07224444444444447,-0.08735073181587302,1.1022900754660754,-0.05809417949179564,324.1199951171875,69242300,326.2881210855824,324.9314029575465
2020-02-04,2824,5275,-0.03791875,-0.16521499035,0.16988360958172993,-0.0745743042392117,329.05999755859375,62573200,326.7145636198918,325.23722477984626
2020-02-05,2742,6712,0.022935227272727274,-0.1198577840981818,0.42793319317513023,-0.08154099344828403,332.8599853515625,65951100,327.6600131170719,325.8018737110845
2020-02-06,2123,4507,0.017793589743589733,-0.08213473908589745,-0.10987641868299708,-0.08163233893099378,333.9800109863281,50359700,328.6323204815729,326.4076616573989
2020-02-07,1982,3993,0.13165,-0.03969973743108111,-0.23461625429456698,-0.07518116946946876,332.20001220703125,64139400,329.18119613164345,326.8367246610754
2020-02-10,1848,4560,0.0894887323943662,-0.023453727914084503,-0.152154653042949,-0.07096978761641724,334.67999267578125,42070000,330.0271648307415,327.41770747697956
2020-02-11,1363,2720,0.0451081081081081,-0.14166943196216217,-0.5949334588397429,-0.08184665597730108,335.260009765625,54864500,330.83221789764673,327.99861875761997
2020-02-12,1592,3339,0.0710602739726027,-0.18305858979315068,-0.43343822128461124,-0.09741772271820101,337.4200134277344,43992700,331.8457249022756,328.69649984429515
2020-02-13,2323,4069,0.06401904761904761,-0.16670043711428564,-0.1552017329968194,-0.10807660185606019,337.05999755859375,54501900,332.6479206955553,329.31601819350243
2020-02-14,1868,5405,0.03345333333333333,-0.04888572282266664,0.012578106963170016,-0.09897031277399963,337.6000061035156,64582200,333.4097799890876,329.9296469275775
2020-02-18,1572,3132,0.032987719298245614,-0.09305162727736845,-0.47666866813014763,-0.08330403822557109,336.7300109863281,57226200,333.92058475789383,330.43337759859605
2020-02-19,1863,3921,0.0015697368421052642,-0.1707650069063158,-0.270990771243895,-0.09675957186876258,338.3399963378906,48814700,334.6004942317395,331.019053060766
2020-02-20,1787,3850,-0.005791999999999995,-0.14266419668359992,-0.29898581832007937,-0.10382182184027602,336.95001220703125,74163400,334.9619585356306,331.4583833678968
2020-02-21,1507,3015,-0.03410972222222222,-0.130010565375,-0.5113292026054236,-0.10785085930715663,333.4800109863281,113788200,334.73396660496866,331.60813356185463
2020-02-24,4640,10806,0.03851176470588233,-0.11063935982058823,1.5690646358995988,-0.0893304515627696,322.4200134277344,161088400,332.83951227000955,330.9275320704383
2020-02-25,3274,5526,-0.09015131578947368,-0.22523171052894722,0.3033838000606772,-0.11023833755756615,312.6499938964844,218913200,329.7334325202365,329.57364035384916
2020-02-26,8434,15087,-0.035625925925925936,-0.2169904453907407,3.106887800118571,-0.12666173876266992,311.5,194773800,326.9282890555847,328.23485217948996
2020-02-27,2703,4788,-0.11445882352941175,-0.3171293615564707,0.05409457133465435,-0.1559644499617162,297.510009765625,284353500,322.4023999340524,325.95893792661104
2020-02-28,3727,5459,-0.13698266666666667,-0.4263280106000001,0.3768946039478009,-0.1975588439060676,296.260009765625,385764000,318.3804937542943,323.7590173220936
2020-03-02,2410,3964,-0.06228148148148148,-0.24655154948148147,-0.15862969794492363,-0.18216891914491481,309.0899963378906,238703600,316.951186459463,322.6724231751156
2020-03-03,2083,3031,-0.05695185185185186,-0.1607595434185185,-0.3985872443122184,-0.17887516903316153,300.239990234375,300139100,314.3802331940648,321.01076147580153
2020-03-04,2488,4548,0.05630869565217393,-0.22525031613043478,-0.032556764853535425,-0.18600980704812664,312.8599853515625,176613400,314.14634891060285,320.40700028141345
2020-03-05,1118,2415,0.020266666666666672,-0.15781476120293333,-0.6996768322540383,-0.18167210768732767,302.4599914550781,186366800,312.34844776359904,319.0775922202034
2020-03-06,988,1656,0.009323076923076913,-0.18987396224615383,-0.8689802121909629,-0.1829339314656086,297.4599914550781,228667200,310.0579160238266,317.47628845982376
2020-03-09,5441,7998,-0.0983468085106383,-0.3520079288808509,1.1868465441859792,-0.19259137844018315,274.2300109863281,309417300,304.5459306334422,314.2728604988241
